FarmerID,State,REGION,SEX,CITY,Zipcode,DISTRICT,VILLAGE,MARITAL_STATUS,Location,Address type,Ownership,No_of_Active_Loan_In_Bureau,Avg_Disbursement_Amount_Bureau,Non_Agriculture_Income,Total_Land_For_Agriculture,"K022-Village category based on Agri parameters (Good, Average, Poor)",K022-Nearest Mandi Name,K022-Proximity to nearest mandi (Km),K022-Proximity to nearest railway (Km),KO22-Village score based on socio-economic parameters (0 to 100),"K022-Village category based on socio-economic parameters (Good, Average, Poor)",K022-Seasonal Average Rainfall (mm),K022-Ambient temperature (min & max),"R022-Village category based on Agri parameters (Good, Average, Poor)",R022-Seasonal Average Rainfall (mm),R022-Ambient temperature (min & max),K021-Seasonal Average Rainfall (mm),K021-Ambient temperature (min & max),R021-Seasonal Average Rainfall (mm),R021-Ambient temperature (min & max),R020-Seasonal Average Rainfall (mm),R020-Ambient temperature (min & max),Perc_of_house_with_6plus_room,Women_15_19_Mothers_or_Pregnant_at_time_of_survey,perc_of_pop_living_in_hh_electricity,perc_Households_with_Pucca_House_That_Has_More_Than_3_Rooms,mat_roof_Metal_GI_Asbestos_sheets,perc_of_Wall_material_with_Burnt_brick,Households_with_improved_Sanitation_Facility,perc_Households_do_not_have_KCC_With_The_Credit_Limit_Of_50k,K022-Total Geographical Area (in Hectares)-,K022-Net Agri area (in Ha)-,K022-Net Agri area (% of total geog area)-,Kharif Seasons  Irrigated area in 2022,Kharif Seasons  Cropping density in 2022,Kharif Seasons  Agricultural performance in 2022,Kharif Seasons  Agricultural Score in 2022,Kharif Seasons  Type of soil in 2022,Kharif Seasons  Type of water bodies in hectares 2022,Kharif Seasons  Agro Ecological Sub Zone in 2022,Kharif Seasons  Seasonal average groundwater thickness (cm) in 2022,Kharif Seasons  Seasonal average groundwater replenishment rate (cm) in 2022,Rabi Seasons  Season Irrigated area in 2022,Rabi Seasons Cropping density in 2022,Rabi Seasons Agricultural performance in 2022,Rabi Seasons Agricultural Score in 2022,Rabi Seasons Type of soil in 2022,Rabi Seasons Type of water bodies in hectares 2022,Rabi Seasons Agro Ecological Sub Zone in 2022,Rabi Seasons Seasonal average groundwater thickness (cm) in 2022,Rabi Seasons Seasonal average groundwater replenishment rate (cm) in 2022,Rabi Seasons Kharif Season Irrigated area in 2021,Rabi Seasons Cropping density in 2021,Rabi Seasons Agricultural performance in 2021,Rabi Seasons Agricultural Score in 2021,Rabi Seasons Type of soil in 2021,Rabi Seasons Type of water bodies in hectares 2021,Rabi Seasons Agro Ecological Sub Zone in 2021,Rabi Seasons Seasonal average groundwater thickness (cm) in 2021,Rabi Seasons Seasonal average groundwater replenishment rate (cm) in 2021,Kharif Seasons Kharif Season Irrigated area in 2021,Kharif Seasons Cropping density in 2021,Kharif Seasons Agricultural performance in 2021,Kharif Seasons Agricultural Score in 2021,Kharif Seasons Type of soil in 2021,Kharif Seasons Type of water bodies in hectares 2021,Kharif Seasons Agro Ecological Sub Zone in 2021,Kharif Seasons Seasonal average groundwater thickness (cm) in 2021,Kharif Seasons Seasonal average groundwater replenishment rate (cm) in 2021,Kharif Seasons Kharif Season Irrigated area in 2020,Kharif Seasons Cropping density in 2020,Kharif Seasons Agricultural performance in 2020,Kharif Seasons Agricultural Score in 2020,Kharif Seasons Type of soil in 2020,Kharif Seasons Type of water bodies in hectares 2020,Kharif Seasons Agro Ecological Sub Zone in 2020,Kharif Seasons Seasonal average groundwater thickness (cm) in 2020,Kharif Seasons Seasonal average groundwater replenishment rate (cm) in 2020,Rabi Seasons Kharif Season Irrigated area in 2020,Rabi Seasons Cropping density in 2020,Rabi Seasons Agricultural performance in 2020,Rabi Seasons Agricultural Score in 2020,Rabi Seasons Type of soil in 2020,Rabi Seasons Type of water bodies in hectares 2020,Rabi Seasons Agro Ecological Sub Zone in 2020,Rabi Seasons Seasonal average groundwater thickness (cm) in 2020,Rabi Seasons Seasonal average groundwater replenishment rate (cm) in 2020, Night light index, Village score based on socio-economic parameters (Non normalised), Village score based on socio-economic parameters (0 to 100)," Village category based on socio-economic parameters (Good, Average, Poor)", Land Holding Index source (Total Agri Area/ no of people), Road density (Km/ SqKm),Target_Variable/Total Income,Group_Count
1068465784357340,ODISHA,EAST,M,RAMGARH,754022,CUTTACK,Karanji,S,"20.649898,85.9164129",Permanent Address,parental,1,66187.0,500000,10.0,Average,"Jawala,Bajar",6.5,12.6,40.98403424091585,Poor,1720.93,23.3 /30,Poor,22.23,20.21 /31.77,1208.9,23.18 /29.63,128.12,19.81 /31.85,115.38,20.54 /30.89,2.65,5.7,98.2,3.8,8.56,13.96,60.2,1.08,551.17,480.35,87.15,54.84,74.48,48.94,37.36,Shallow Black Soils (with medium and deep Black Soils as  inclusion),[None],DECCAN PLATU  HOT SEMI-ARID ECO-REGION,99.59,26.53,59.86,64.43,24.3,24.26,Shallow Black Soils (with medium and deep Black Soils as  inclusion),[None],DECCAN PLATU  HOT SEMI-ARID ECO-REGION,94.36,18.08,91.19,50.5,23.16,39.12,Shallow Black Soils (with medium and deep Black Soils as  inclusion),[None],DECCAN PLATU  HOT SEMI-ARID ECO-REGION,95.43,23.9,59.86,64.43,42.83,30.69,Shallow Black Soils (with medium and deep Black Soils as  inclusion),[None],DECCAN PLATU  HOT SEMI-ARID ECO-REGION,95.85,25.31,92.32,44.02,36.44,38.77,Shallow Black Soils (with medium and deep Black Soils as  inclusion),[None],DECCAN PLATU  HOT SEMI-ARID ECO-REGION,95.92,29.5,91.18,67.44,28.67,31.42,Shallow Black Soils (with medium and deep Black Soils as  inclusion),[None],DECCAN PLATU  HOT SEMI-ARID ECO-REGION,91.92,17.6,0.95,26.9814310053571,40.98403424091585,Poor,0.337943843702291,0.0,1295000,3
1574797854092240,MADHYA PRADESH,CENTRAL,M,KANNOD,455459,DEWAS,Golaguthan,M,"22.5901019,76.9216425",Permanent Address,parental,2,80150.0,0,10.0,Poor,Loharda,17.9,32.5,31.08272407266217,Poor,1801.19,23.75 /30.77,Poor,130.95,17.8 /30.08,832.84,23.77 /30.41,117.17,17.76 /30.69,106.92,17.87 /29.45,1.19,2.2,99.6,2.93,23.75,39.21,69.6,8.02,703.95,551.59,78.36,66.42,73.56,12.39,24.36,Deep Black soils (with shallow and medium Black Soils as inclusion),[None],CENTRAL HIGHLANDS (MALWA AND BUNDELKHAND)  HOT SUBHUMID (DRY) ECO-REGION,100.31,30.53,89.63,90.51,20.12,28.18,Deep Black soils (with shallow and medium Black Soils as inclusion),[None],CENTRAL HIGHLANDS (MALWA AND BUNDELKHAND)  HOT SUBHUMID (DRY) ECO-REGION,94.76,16.51,96.22,83.15,40.51,51.15,Deep Black soils (with shallow and medium Black Soils as inclusion),[None],CENTRAL HIGHLANDS (MALWA AND BUNDELKHAND)  HOT SUBHUMID (DRY) ECO-REGION,92.83,18.66,89.63,90.51,36.55,33.85,Deep Black soils (with shallow and medium Black Soils as inclusion),[None],CENTRAL HIGHLANDS (MALWA AND BUNDELKHAND)  HOT SUBHUMID (DRY) ECO-REGION,95.8,27.45,96.22,83.15,24.65,35.86,Deep Black soils (with shallow and medium Black Soils as inclusion),[None],CENTRAL HIGHLANDS (MALWA AND BUNDELKHAND)  HOT SUBHUMID (DRY) ECO-REGION,97.84,25.24,34.57,58.25,20.47,17.38,Deep Black soils (with shallow and medium Black Soils as inclusion),[None],CENTRAL HIGHLANDS (MALWA AND BUNDELKHAND)  HOT SUBHUMID (DRY) ECO-REGION,101.92,28.26,0.9,20.871939478562,31.08272407266217,Poor,1.25566836641778,7.2,688000,2
2230326140558730,MADHYA PRADESH,CENTRAL,M,KANNOD,455440,DEWAS,Surmanya,M,"22.4967458,76.4739731",Permanent Address,parental,0,,0,10.0,Poor,Loharda,17.4,34.8,30.90117839734135,Poor,1801.19,23.75 /30.77,Poor,130.95,17.8 /30.08,832.84,23.77 /30.41,117.17,17.76 /30.69,106.92,17.87 /29.45,0.79,2.4,99.54,3.08,23.95,40.77,70.0,7.81,377.61,293.73,77.79,65.9,94.25,9.16,22.21,Deep Black soils (with shallow and medium Black Soils as inclusion),[None],CENTRAL HIGHLANDS (MALWA AND BUNDELKHAND)  HOT SUBHUMID (DRY) ECO-REGION,100.31,30.53,79.47,47.68,31.0,30.49,Deep Black soils (with shallow and medium Black Soils as inclusion),[None],CENTRAL HIGHLANDS (MALWA AND BUNDELKHAND)  HOT SUBHUMID (DRY) ECO-REGION,94.76,16.51,66.95,74.04,44.16,43.83,Deep Black soils (with shallow and medium Black Soils as inclusion),[None],CENTRAL HIGHLANDS (MALWA AND BUNDELKHAND)  HOT SUBHUMID (DRY) ECO-REGION,92.83,18.66,79.47,47.68,27.37,27.31,Deep Black soils (with shallow and medium Black Soils as inclusion),[None],CENTRAL HIGHLANDS (MALWA AND BUNDELKHAND)  HOT SUBHUMID (DRY) ECO-REGION,95.8,27.45,66.95,74.04,36.0,32.09,Deep Black soils (with shallow and medium Black Soils as inclusion),[None],CENTRAL HIGHLANDS (MALWA AND BUNDELKHAND)  HOT SUBHUMID (DRY) ECO-REGION,97.84,25.24,0.0,0.0,0.0,0.83,Deep Black soils (with shallow and medium Black Soils as inclusion),[None],CENTRAL HIGHLANDS (MALWA AND BUNDELKHAND)  HOT SUBHUMID (DRY) ECO-REGION,101.92,28.26,0.64,20.7599187715797,30.90117839734135,Poor,2.1415135608049,0.0,688000,2
4976174960168900,ODISHA,EAST,F,GURUDIJHATIA,754027,CUTTACK,Berhampur,M,"20.4857109,85.7618339",Current Address,parental,0,,500000,10.0,Poor,Udala,9.2,23.8,39.42910364098999,Average,1395.58,25.32 /31.08,Poor,226.54,18.64 /28.64,1330.01,25.33 /30.65,372.72,19.05 /30.55,734.98,18.34 /28.02,2.6,5.7,98.2,2.35,10.32,2.56,60.2,1.38,199.21,140.45,70.5,65.45,8.26,10.71,21.8,Red and lateritic Soils,[None],EASTERN PLATEAU (CHHOTANAGPUR) AND EASTERN GHATS  HOT SUBHUMID ECO-REGION,79.15,38.87,79.0,3.34,11.9,20.82,Red and lateritic Soils,[None],EASTERN PLATEAU (CHHOTANAGPUR) AND EASTERN GHATS  HOT SUBHUMID ECO-REGION,78.4,35.97,57.81,1.53,24.77,26.05,Red and lateritic Soils,[None],EASTERN PLATEAU (CHHOTANAGPUR) AND EASTERN GHATS  HOT SUBHUMID ECO-REGION,69.81,36.16,79.0,3.34,6.98,18.16,Red and lateritic Soils,[None],EASTERN PLATEAU (CHHOTANAGPUR) AND EASTERN GHATS  HOT SUBHUMID ECO-REGION,81.02,35.58,57.81,1.53,39.59,30.66,Red and lateritic Soils,[None],EASTERN PLATEAU (CHHOTANAGPUR) AND EASTERN GHATS  HOT SUBHUMID ECO-REGION,82.01,31.53,87.13,52.28,53.92,40.52,Red and lateritic Soils,[None],EASTERN PLATEAU (CHHOTANAGPUR) AND EASTERN GHATS  HOT SUBHUMID ECO-REGION,74.18,34.44,0.76,26.021978653742,39.42910364098999,Average,0.209573690257696,0.0,1295000,2
7208948135289560,PUNJAB,NORTH,M,MOHALI,140306,SAHIBZADA AJIT SINGH NAGAR,Bari,M,"30.490014,76.5970605",Permanent Address,parental,1,1135000.0,0,16.0,Poor,Damoh,12.6,9.2,35.37824868343939,Average,1471.11,23.64 /30.89,Poor,55.91,15.58 /28.84,920.58,23.9 /30.88,306.33,15.4 /28.8,131.74,15.65 /27.82,6.38,2.69,99.61,5.82,5.07,89.45,87.45,0.86,466.56,367.54,78.78,63.19,87.22,17.49,25.36,Deep Black soils (with shallow and medium Black Soils as inclusion),[None],CENTRAL HIGHLANDS (MALWA AND BUNDELKHAND)  HOT SUBHUMID (DRY) ECO-REGION,95.81,24.02,93.62,81.96,26.87,31.55,Deep Black soils (with shallow and medium Black Soils as inclusion),[None],CENTRAL HIGHLANDS (MALWA AND BUNDELKHAND)  HOT SUBHUMID (DRY) ECO-REGION,91.12,13.37,81.96,80.12,33.66,43.74,Deep Black soils (with shallow and medium Black Soils as inclusion),[None],CENTRAL HIGHLANDS (MALWA AND BUNDELKHAND)  HOT SUBHUMID (DRY) ECO-REGION,89.89,14.72,93.62,81.96,10.64,23.14,Deep Black soils (with shallow and medium Black Soils as inclusion),[None],CENTRAL HIGHLANDS (MALWA AND BUNDELKHAND)  HOT SUBHUMID (DRY) ECO-REGION,91.49,20.01,47.63,63.62,19.69,22.88,Mixed Red and Black Soils,"['reservoir, water']",CENTRAL HIGHLANDS (MALWA AND BUNDELKHAND)  HOT SUBHUMID (DRY) ECO-REGION,92.44,14.83,94.33,92.4,12.52,24.9,Deep Black soils (with shallow and medium Black Soils as inclusion),[None],CENTRAL HIGHLANDS (MALWA AND BUNDELKHAND)  HOT SUBHUMID (DRY) ECO-REGION,94.31,19.08,0.86,23.5224443881877,35.37824868343939,Average,0.846593264845442,0.0,1641600,3
7743892070781630,MADHYA PRADESH,CENTRAL,M,HARDA,461331,HARDA,Abagaon Khurd,M,"22.3410997,77.0917685",Permanent Address,parental,0,,0,15.0,Average,Harda,3.8,1.8,43.84588250556406,Average,1903.32,23.69 /30.57,Average,98.11,17.94 /30.52,1061.78,23.73 /30.31,114.17,18.24 /31.7,225.37,18.08 /29.82,1.98,3.9,98.81,6.56,19.95,51.07,68.98,15.04,1377.49,1117.14,81.1,53.18,69.32,39.66,34.6,Deep Black soils (with shallow and medium Black Soils as inclusion),[None],CENTRAL HIGHLANDS (MALWA AND BUNDELKHAND)  HOT SUBHUMID (DRY) ECO-REGION,89.5,30.13,97.89,94.13,43.59,42.37,Deep Black soils (with shallow and medium Black Soils as inclusion),[None],CENTRAL HIGHLANDS (MALWA AND BUNDELKHAND)  HOT SUBHUMID (DRY) ECO-REGION,82.17,16.19,94.41,21.12,25.42,41.11,Deep Black soils (with shallow and medium Black Soils as inclusion),[None],CENTRAL HIGHLANDS (MALWA AND BUNDELKHAND)  HOT SUBHUMID (DRY) ECO-REGION,81.16,19.31,97.89,94.13,5.98,24.1,Deep Black soils (with shallow and medium Black Soils as inclusion),[None],CENTRAL HIGHLANDS (MALWA AND BUNDELKHAND)  HOT SUBHUMID (DRY) ECO-REGION,84.93,25.91,94.41,21.12,43.94,45.45,Deep Black soils (with shallow and medium Black Soils as inclusion),[None],CENTRAL HIGHLANDS (MALWA AND BUNDELKHAND)  HOT SUBHUMID (DRY) ECO-REGION,88.45,25.78,93.25,88.04,35.0,37.54,Deep Black soils (with shallow and medium Black Soils as inclusion),[None],CENTRAL HIGHLANDS (MALWA AND BUNDELKHAND)  HOT SUBHUMID (DRY) ECO-REGION,91.01,26.15,0.97,28.7473021301605,43.84588250556406,Average,0.680718046212343,3.15,870000,4
5419713633633940,MAHARASHTRA,WEST,M,HINGOLI,431513,HINGOLI,Hingoli,M,"19.7057725,77.178891",Permanent Address,parental,2,424750.0,0,15.0,Poor,Hingoli,0.1,0.0,51.39026032863331,Average,1695.43,23.12 /29.34,Poor,39.95,20.04 /30.92,955.54,22.92 /28.89,98.44,20.1 /31.78,211.86,20.08 /30.12,2.11,14.24,98.09,5.0,74.04,47.36,69.04,1.4,1724.74,930.94,53.98,52.03,65.62,19.19,24.73,Shallow Black Soils (with medium and deep Black Soils as  inclusion),['river'],DECCAN PLATU  HOT SEMI-ARID ECO-REGION,99.92,28.13,34.31,74.96,10.89,14.47,Shallow Black Soils (with medium and deep Black Soils as  inclusion),['river'],DECCAN PLATU  HOT SEMI-ARID ECO-REGION,94.81,17.73,90.14,71.69,15.36,38.59,Shallow Black Soils (with medium and deep Black Soils as  inclusion),['river'],DECCAN PLATU  HOT SEMI-ARID ECO-REGION,95.81,24.0,34.31,74.96,19.23,17.23,Shallow Black Soils (with medium and deep Black Soils as  inclusion),['river'],DECCAN PLATU  HOT SEMI-ARID ECO-REGION,95.91,24.75,90.14,71.69,24.96,35.48,Shallow Black Soils (with medium and deep Black Soils as  inclusion),['river'],DECCAN PLATU  HOT SEMI-ARID ECO-REGION,99.01,28.52,92.55,69.4,14.72,26.92,Shallow Black Soils (with medium and deep Black Soils as  inclusion),['river'],DECCAN PLATU  HOT SEMI-ARID ECO-REGION,93.69,17.49,0.97,33.4024751932938,51.39026032863331,Average,0.0241710433528203,7.53,850000,2
2307607394458240,MADHYA PRADESH,CENTRAL,M,KANNOD,455332,DEWAS,Bawdikheda,M,"22.7629089,76.6139008",Permanent Address,parental,0,,0,10.0,Poor,Kannod,11.6,60.8,38.11776195176581,Poor,1883.29,23.44 /30.49,Poor,90.63,17.63 /29.74,881.68,23.42 /30.09,130.16,17.39 /29.98,63.93,17.51 /29.02,1.3,2.28,99.55,5.24,23.03,39.04,69.03,8.06,4292.56,2217.7,51.66,67.97,66.91,9.65,28.21,Deep Black soils (with shallow and medium Black Soils as inclusion),['water'],CENTRAL HIGHLANDS (MALWA AND BUNDELKHAND)  HOT SUBHUMID (DRY) ECO-REGION,97.06,27.73,86.61,87.37,12.94,28.92,Deep Black soils (with shallow and medium Black Soils as inclusion),['water'],CENTRAL HIGHLANDS (MALWA AND BUNDELKHAND)  HOT SUBHUMID (DRY) ECO-REGION,92.19,15.75,77.56,69.79,24.29,42.8,Deep Black soils (with shallow and medium Black Soils as inclusion),['water'],CENTRAL HIGHLANDS (MALWA AND BUNDELKHAND)  HOT SUBHUMID (DRY) ECO-REGION,90.33,16.92,86.61,87.37,40.86,39.79,Deep Black soils (with shallow and medium Black Soils as inclusion),['water'],CENTRAL HIGHLANDS (MALWA AND BUNDELKHAND)  HOT SUBHUMID (DRY) ECO-REGION,93.59,26.94,77.56,69.79,19.75,33.87,Deep Black soils (with shallow and medium Black Soils as inclusion),['water'],CENTRAL HIGHLANDS (MALWA AND BUNDELKHAND)  HOT SUBHUMID (DRY) ECO-REGION,94.22,23.33,49.15,64.42,12.97,21.61,Deep Black soils (with shallow and medium Black Soils as inclusion),['water'],CENTRAL HIGHLANDS (MALWA AND BUNDELKHAND)  HOT SUBHUMID (DRY) ECO-REGION,98.55,28.91,0.96,25.2128300862387,38.11776195176581,Poor,2.47748955470653,0.0,688000,4
7406237880116850,MADHYA PRADESH,CENTRAL,M,HARDA,461331,HARDA,Abagaon Khurd,M,"22.3861242,77.1019717",Permanent Address,parental,5,56200.0,0,10.0,Average,Harda,3.8,1.8,43.84588250556406,Average,1903.32,23.69 /30.57,Average,98.11,17.94 /30.52,1061.78,23.73 /30.31,114.17,18.24 /31.7,225.37,18.08 /29.82,1.98,3.9,98.81,6.56,19.95,51.07,68.98,15.04,1377.49,1117.14,81.1,53.18,69.32,39.66,34.6,Deep Black soils (with shallow and medium Black Soils as inclusion),[None],CENTRAL HIGHLANDS (MALWA AND BUNDELKHAND)  HOT SUBHUMID (DRY) ECO-REGION,89.5,30.13,97.89,94.13,43.59,42.37,Deep Black soils (with shallow and medium Black Soils as inclusion),[None],CENTRAL HIGHLANDS (MALWA AND BUNDELKHAND)  HOT SUBHUMID (DRY) ECO-REGION,82.17,16.19,94.41,21.12,25.42,41.11,Deep Black soils (with shallow and medium Black Soils as inclusion),[None],CENTRAL HIGHLANDS (MALWA AND BUNDELKHAND)  HOT SUBHUMID (DRY) ECO-REGION,81.16,19.31,97.89,94.13,5.98,24.1,Deep Black soils (with shallow and medium Black Soils as inclusion),[None],CENTRAL HIGHLANDS (MALWA AND BUNDELKHAND)  HOT SUBHUMID (DRY) ECO-REGION,84.93,25.91,94.41,21.12,43.94,45.45,Deep Black soils (with shallow and medium Black Soils as inclusion),[None],CENTRAL HIGHLANDS (MALWA AND BUNDELKHAND)  HOT SUBHUMID (DRY) ECO-REGION,88.45,25.78,93.25,88.04,35.0,37.54,Deep Black soils (with shallow and medium Black Soils as inclusion),[None],CENTRAL HIGHLANDS (MALWA AND BUNDELKHAND)  HOT SUBHUMID (DRY) ECO-REGION,91.01,26.15,0.97,28.7473021301605,43.84588250556406,Average,0.680718046212343,3.15,580000,3
9586109249975460,MADHYA PRADESH,CENTRAL,M,HARDA,461331,HARDA,Abagaon Khurd,M,"22.3559065,77.0839293",Permanent Address,parental,2,200000.0,0,15.0,Average,Harda,3.8,1.8,43.84588250556406,Average,1903.32,23.69 /30.57,Average,98.11,17.94 /30.52,1061.78,23.73 /30.31,114.17,18.24 /31.7,225.37,18.08 /29.82,1.98,3.9,98.81,6.56,19.95,51.07,68.98,15.04,1377.49,1117.14,81.1,53.18,69.32,39.66,34.6,Deep Black soils (with shallow and medium Black Soils as inclusion),[None],CENTRAL HIGHLANDS (MALWA AND BUNDELKHAND)  HOT SUBHUMID (DRY) ECO-REGION,89.5,30.13,97.89,94.13,43.59,42.37,Deep Black soils (with shallow and medium Black Soils as inclusion),[None],CENTRAL HIGHLANDS (MALWA AND BUNDELKHAND)  HOT SUBHUMID (DRY) ECO-REGION,82.17,16.19,94.41,21.12,25.42,41.11,Deep Black soils (with shallow and medium Black Soils as inclusion),[None],CENTRAL HIGHLANDS (MALWA AND BUNDELKHAND)  HOT SUBHUMID (DRY) ECO-REGION,81.16,19.31,97.89,94.13,5.98,24.1,Deep Black soils (with shallow and medium Black Soils as inclusion),[None],CENTRAL HIGHLANDS (MALWA AND BUNDELKHAND)  HOT SUBHUMID (DRY) ECO-REGION,84.93,25.91,94.41,21.12,43.94,45.45,Deep Black soils (with shallow and medium Black Soils as inclusion),[None],CENTRAL HIGHLANDS (MALWA AND BUNDELKHAND)  HOT SUBHUMID (DRY) ECO-REGION,88.45,25.78,93.25,88.04,35.0,37.54,Deep Black soils (with shallow and medium Black Soils as inclusion),[None],CENTRAL HIGHLANDS (MALWA AND BUNDELKHAND)  HOT SUBHUMID (DRY) ECO-REGION,91.01,26.15,0.97,28.7473021301605,43.84588250556406,Average,0.680718046212343,3.15,870000,4
1639324034347340,PUNJAB,NORTH,M,MOHALI,140306,SAHIBZADA AJIT SINGH NAGAR,Bari,M,"30.4900404,76.5970271",Permanent Address,parental,0,,0,16.0,Poor,Damoh,12.6,9.2,35.37824868343939,Average,1471.11,23.64 /30.89,Poor,55.91,15.58 /28.84,920.58,23.9 /30.88,306.33,15.4 /28.8,131.74,15.65 /27.82,6.38,2.69,99.61,5.82,5.07,89.45,87.45,0.86,466.56,367.54,78.78,63.19,87.22,17.49,25.36,Deep Black soils (with shallow and medium Black Soils as inclusion),[None],CENTRAL HIGHLANDS (MALWA AND BUNDELKHAND)  HOT SUBHUMID (DRY) ECO-REGION,95.81,24.02,93.62,81.96,26.87,31.55,Deep Black soils (with shallow and medium Black Soils as inclusion),[None],CENTRAL HIGHLANDS (MALWA AND BUNDELKHAND)  HOT SUBHUMID (DRY) ECO-REGION,91.12,13.37,81.96,80.12,33.66,43.74,Deep Black soils (with shallow and medium Black Soils as inclusion),[None],CENTRAL HIGHLANDS (MALWA AND BUNDELKHAND)  HOT SUBHUMID (DRY) ECO-REGION,89.89,14.72,93.62,81.96,10.64,23.14,Deep Black soils (with shallow and medium Black Soils as inclusion),[None],CENTRAL HIGHLANDS (MALWA AND BUNDELKHAND)  HOT SUBHUMID (DRY) ECO-REGION,91.49,20.01,47.63,63.62,19.69,22.88,Mixed Red and Black Soils,"['reservoir, water']",CENTRAL HIGHLANDS (MALWA AND BUNDELKHAND)  HOT SUBHUMID (DRY) ECO-REGION,92.44,14.83,94.33,92.4,12.52,24.9,Deep Black soils (with shallow and medium Black Soils as inclusion),[None],CENTRAL HIGHLANDS (MALWA AND BUNDELKHAND)  HOT SUBHUMID (DRY) ECO-REGION,94.31,19.08,0.86,23.5224443881877,35.37824868343939,Average,0.846593264845442,0.0,1641600,3
6986054033978750,PUNJAB,NORTH,M,MOHALI,140306,SAHIBZADA AJIT SINGH NAGAR,Bari,M,"30.4833272,76.5971396",Permanent Address,parental,1,70000.0,0,16.0,Poor,Damoh,12.6,9.2,35.37824868343939,Average,1471.11,23.64 /30.89,Poor,55.91,15.58 /28.84,920.58,23.9 /30.88,306.33,15.4 /28.8,131.74,15.65 /27.82,6.38,2.69,99.61,5.82,5.07,89.45,87.45,0.86,466.56,367.54,78.78,63.19,87.22,17.49,25.36,Deep Black soils (with shallow and medium Black Soils as inclusion),[None],CENTRAL HIGHLANDS (MALWA AND BUNDELKHAND)  HOT SUBHUMID (DRY) ECO-REGION,95.81,24.02,93.62,81.96,26.87,31.55,Deep Black soils (with shallow and medium Black Soils as inclusion),[None],CENTRAL HIGHLANDS (MALWA AND BUNDELKHAND)  HOT SUBHUMID (DRY) ECO-REGION,91.12,13.37,81.96,80.12,33.66,43.74,Deep Black soils (with shallow and medium Black Soils as inclusion),[None],CENTRAL HIGHLANDS (MALWA AND BUNDELKHAND)  HOT SUBHUMID (DRY) ECO-REGION,89.89,14.72,93.62,81.96,10.64,23.14,Deep Black soils (with shallow and medium Black Soils as inclusion),[None],CENTRAL HIGHLANDS (MALWA AND BUNDELKHAND)  HOT SUBHUMID (DRY) ECO-REGION,91.49,20.01,47.63,63.62,19.69,22.88,Mixed Red and Black Soils,"['reservoir, water']",CENTRAL HIGHLANDS (MALWA AND BUNDELKHAND)  HOT SUBHUMID (DRY) ECO-REGION,92.44,14.83,94.33,92.4,12.52,24.9,Deep Black soils (with shallow and medium Black Soils as inclusion),[None],CENTRAL HIGHLANDS (MALWA AND BUNDELKHAND)  HOT SUBHUMID (DRY) ECO-REGION,94.31,19.08,0.86,23.5224443881877,35.37824868343939,Average,0.846593264845442,0.0,1641600,3
1676604112428030,MAHARASHTRA,WEST,M,HINGOLI,431513,HINGOLI,Parda,M,"19.7132123,77.1353935",Permanent Address,parental,1,766767.0,0,15.0,Poor,Samudrapur,6.2,10.3,41.37604880239187,Average,2049.75,24.54 /30.96,Poor,42.01,19.8 /31.31,1206.42,24.29 /30.49,89.24,19.69 /32.2,248.14,20 /30.72,2.11,14.24,98.09,5.0,74.04,47.36,69.04,1.4,827.41,706.65,85.41,1.13,63.37,43.6,21.92,Shallow Black Soils (with medium and deep Black Soils as  inclusion),[None],CENTRAL HIGHLANDS (MALWA AND BUNDELKHAND)  HOT SUBHUMID (DRY) ECO-REGION,99.94,36.68,95.83,46.74,13.27,26.38,Shallow Black Soils (with medium and deep Black Soils as  inclusion),[None],CENTRAL HIGHLANDS (MALWA AND BUNDELKHAND)  HOT SUBHUMID (DRY) ECO-REGION,87.07,16.17,86.7,60.34,36.1,45.2,Shallow Black Soils (with medium and deep Black Soils as  inclusion),[None],CENTRAL HIGHLANDS (MALWA AND BUNDELKHAND)  HOT SUBHUMID (DRY) ECO-REGION,88.38,25.26,95.83,46.74,27.5,31.6,Shallow Black Soils (with medium and deep Black Soils as  inclusion),[None],CENTRAL HIGHLANDS (MALWA AND BUNDELKHAND)  HOT SUBHUMID (DRY) ECO-REGION,88.6,23.62,86.7,60.34,7.16,26.91,Shallow Black Soils (with medium and deep Black Soils as  inclusion),[None],CENTRAL HIGHLANDS (MALWA AND BUNDELKHAND)  HOT SUBHUMID (DRY) ECO-REGION,94.3,28.7,92.34,27.59,41.4,37.46,Shallow Black Soils (with medium and deep Black Soils as  inclusion),[None],CENTRAL HIGHLANDS (MALWA AND BUNDELKHAND)  HOT SUBHUMID (DRY) ECO-REGION,93.63,18.47,0.96,27.2233191596538,41.37604880239187,Average,1.11753356633403,7.01,950000,2
2542357627266820,MADHYA PRADESH,CENTRAL,M,KHATEGAON,455339,DEWAS,Khidkya,M,"22.5919462,76.9166198",Permanent Address,parental,6,83773.3333333333,0,10.0,Poor,Nasrullaganj,17.6,23.7,30.96513192616727,Poor,2012.97,23.78 /30.83,Poor,78.7,17.66 /29.99,953.57,23.73 /30.4,114.6,17.53 /30.42,82.4,17.7 /29.36,2.08,2.2,99.6,3.86,30.34,45.3,69.6,9.96,439.52,358.92,81.66,71.83,85.96,11.9,25.06,Deep Black soils (with shallow and medium Black Soils as inclusion),[None],CENTRAL HIGHLANDS (MALWA AND BUNDELKHAND)  HOT SUBHUMID (DRY) ECO-REGION,93.94,28.44,90.98,88.02,17.46,26.63,Deep Black soils (with shallow and medium Black Soils as inclusion),[None],CENTRAL HIGHLANDS (MALWA AND BUNDELKHAND)  HOT SUBHUMID (DRY) ECO-REGION,88.21,15.93,92.98,16.23,28.23,38.39,Deep Black soils (with shallow and medium Black Soils as inclusion),[None],CENTRAL HIGHLANDS (MALWA AND BUNDELKHAND)  HOT SUBHUMID (DRY) ECO-REGION,86.72,17.36,90.98,88.02,26.56,29.34,Deep Black soils (with shallow and medium Black Soils as inclusion),[None],CENTRAL HIGHLANDS (MALWA AND BUNDELKHAND)  HOT SUBHUMID (DRY) ECO-REGION,90.36,26.94,92.98,16.23,34.66,38.26,Deep Black soils (with shallow and medium Black Soils as inclusion),[None],CENTRAL HIGHLANDS (MALWA AND BUNDELKHAND)  HOT SUBHUMID (DRY) ECO-REGION,91.55,23.79,84.34,65.16,19.71,25.89,Deep Black soils (with shallow and medium Black Soils as inclusion),[None],CENTRAL HIGHLANDS (MALWA AND BUNDELKHAND)  HOT SUBHUMID (DRY) ECO-REGION,95.51,28.31,0.97,20.7993805736878,30.96513192616727,Poor,0.0996084155956607,0.0,688000,2
5083570352363670,MAHARASHTRA,WEST,F,HINGOLI,431513,HINGOLI,Parda,M,"19.7274426,77.1530857",Permanent Address,parental,0,,0,15.0,Poor,Samudrapur,6.2,10.3,41.37604880239187,Average,2049.75,24.54 /30.96,Poor,42.01,19.8 /31.31,1206.42,24.29 /30.49,89.24,19.69 /32.2,248.14,20 /30.72,2.11,14.24,98.09,5.0,74.04,47.36,69.04,1.4,827.41,706.65,85.41,1.13,63.37,43.6,21.92,Shallow Black Soils (with medium and deep Black Soils as  inclusion),[None],CENTRAL HIGHLANDS (MALWA AND BUNDELKHAND)  HOT SUBHUMID (DRY) ECO-REGION,99.94,36.68,95.83,46.74,13.27,26.38,Shallow Black Soils (with medium and deep Black Soils as  inclusion),[None],CENTRAL HIGHLANDS (MALWA AND BUNDELKHAND)  HOT SUBHUMID (DRY) ECO-REGION,87.07,16.17,86.7,60.34,36.1,45.2,Shallow Black Soils (with medium and deep Black Soils as  inclusion),[None],CENTRAL HIGHLANDS (MALWA AND BUNDELKHAND)  HOT SUBHUMID (DRY) ECO-REGION,88.38,25.26,95.83,46.74,27.5,31.6,Shallow Black Soils (with medium and deep Black Soils as  inclusion),[None],CENTRAL HIGHLANDS (MALWA AND BUNDELKHAND)  HOT SUBHUMID (DRY) ECO-REGION,88.6,23.62,86.7,60.34,7.16,26.91,Shallow Black Soils (with medium and deep Black Soils as  inclusion),[None],CENTRAL HIGHLANDS (MALWA AND BUNDELKHAND)  HOT SUBHUMID (DRY) ECO-REGION,94.3,28.7,92.34,27.59,41.4,37.46,Shallow Black Soils (with medium and deep Black Soils as  inclusion),[None],CENTRAL HIGHLANDS (MALWA AND BUNDELKHAND)  HOT SUBHUMID (DRY) ECO-REGION,93.63,18.47,0.96,27.2233191596538,41.37604880239187,Average,1.11753356633403,7.01,950000,2
6680631065256580,MAHARASHTRA,WEST,M,BHUM,413504,OSMANABAD,Antarwali,M,"18.1885646,76.0371459",Permanent Address,parental,0,,0,6.0,Poor,Shevgaon,15.5,41.8,33.11088852879013,Poor,1057.19,22.38 /29.15,Poor,64.33,18.59 /30.6,781.28,22.2 /29.16,122.98,19.03 /31.17,80.6,19.32 /30.44,0.86,16.1,96.8,3.64,71.12,42.73,71.2,0.37,672.66,538.67,80.08,53.23,52.91,15.81,22.35,Shallow Black Soils (with medium and deep Black Soils as  inclusion),[None],DECCAN PLATU  HOT SEMI-ARID ECO-REGION,99.05,27.45,25.51,22.66,0.33,6.55,Shallow Black Soils (with medium and deep Black Soils as  inclusion),[None],DECCAN PLATU  HOT SEMI-ARID ECO-REGION,96.77,17.08,92.5,85.74,28.45,45.1,Shallow Black Soils (with medium and deep Black Soils as  inclusion),[None],DECCAN PLATU  HOT SEMI-ARID ECO-REGION,95.13,24.33,25.51,22.66,41.09,23.65,Shallow Black Soils (with medium and deep Black Soils as  inclusion),[None],DECCAN PLATU  HOT SEMI-ARID ECO-REGION,95.09,23.36,92.5,85.74,46.78,43.64,Shallow Black Soils (with medium and deep Black Soils as  inclusion),[None],DECCAN PLATU  HOT SEMI-ARID ECO-REGION,100.02,28.7,89.11,56.92,21.81,28.14,Shallow Black Soils (with medium and deep Black Soils as  inclusion),[None],DECCAN PLATU  HOT SEMI-ARID ECO-REGION,96.58,23.93,0.96,22.1233954322791,33.11088852879013,Poor,0.263999568716245,0.0,700000,2
9042363774259380,MADHYA PRADESH,CENTRAL,M,KANNOD,455440,DEWAS,Surmanya,M,"22.4445847,76.5299945",Permanent Address,parental,5,29800.0,0,10.0,Poor,Loharda,17.4,34.8,30.90117839734135,Poor,1801.19,23.75 /30.77,Poor,130.95,17.8 /30.08,832.84,23.77 /30.41,117.17,17.76 /30.69,106.92,17.87 /29.45,0.79,2.4,99.54,3.08,23.95,40.77,70.0,7.81,377.61,293.73,77.79,65.9,94.25,9.16,22.21,Deep Black soils (with shallow and medium Black Soils as inclusion),[None],CENTRAL HIGHLANDS (MALWA AND BUNDELKHAND)  HOT SUBHUMID (DRY) ECO-REGION,100.31,30.53,79.47,47.68,31.0,30.49,Deep Black soils (with shallow and medium Black Soils as inclusion),[None],CENTRAL HIGHLANDS (MALWA AND BUNDELKHAND)  HOT SUBHUMID (DRY) ECO-REGION,94.76,16.51,66.95,74.04,44.16,43.83,Deep Black soils (with shallow and medium Black Soils as inclusion),[None],CENTRAL HIGHLANDS (MALWA AND BUNDELKHAND)  HOT SUBHUMID (DRY) ECO-REGION,92.83,18.66,79.47,47.68,27.37,27.31,Deep Black soils (with shallow and medium Black Soils as inclusion),[None],CENTRAL HIGHLANDS (MALWA AND BUNDELKHAND)  HOT SUBHUMID (DRY) ECO-REGION,95.8,27.45,66.95,74.04,36.0,32.09,Deep Black soils (with shallow and medium Black Soils as inclusion),[None],CENTRAL HIGHLANDS (MALWA AND BUNDELKHAND)  HOT SUBHUMID (DRY) ECO-REGION,97.84,25.24,0.0,0.0,0.0,0.83,Deep Black soils (with shallow and medium Black Soils as inclusion),[None],CENTRAL HIGHLANDS (MALWA AND BUNDELKHAND)  HOT SUBHUMID (DRY) ECO-REGION,101.92,28.26,0.64,20.7599187715797,30.90117839734135,Poor,2.1415135608049,0.0,688000,2
7194137024522600,MADHYA PRADESH,CENTRAL,M,HARDA,461331,HARDA,Abagaon Khurd,M,"22.3410659,77.0917903",Permanent Address,parental,0,,0,10.0,Average,Harda,3.8,1.8,43.84588250556406,Average,1903.32,23.69 /30.57,Average,98.11,17.94 /30.52,1061.78,23.73 /30.31,114.17,18.24 /31.7,225.37,18.08 /29.82,1.98,3.9,98.81,6.56,19.95,51.07,68.98,15.04,1377.49,1117.14,81.1,53.18,69.32,39.66,34.6,Deep Black soils (with shallow and medium Black Soils as inclusion),[None],CENTRAL HIGHLANDS (MALWA AND BUNDELKHAND)  HOT SUBHUMID (DRY) ECO-REGION,89.5,30.13,97.89,94.13,43.59,42.37,Deep Black soils (with shallow and medium Black Soils as inclusion),[None],CENTRAL HIGHLANDS (MALWA AND BUNDELKHAND)  HOT SUBHUMID (DRY) ECO-REGION,82.17,16.19,94.41,21.12,25.42,41.11,Deep Black soils (with shallow and medium Black Soils as inclusion),[None],CENTRAL HIGHLANDS (MALWA AND BUNDELKHAND)  HOT SUBHUMID (DRY) ECO-REGION,81.16,19.31,97.89,94.13,5.98,24.1,Deep Black soils (with shallow and medium Black Soils as inclusion),[None],CENTRAL HIGHLANDS (MALWA AND BUNDELKHAND)  HOT SUBHUMID (DRY) ECO-REGION,84.93,25.91,94.41,21.12,43.94,45.45,Deep Black soils (with shallow and medium Black Soils as inclusion),[None],CENTRAL HIGHLANDS (MALWA AND BUNDELKHAND)  HOT SUBHUMID (DRY) ECO-REGION,88.45,25.78,93.25,88.04,35.0,37.54,Deep Black soils (with shallow and medium Black Soils as inclusion),[None],CENTRAL HIGHLANDS (MALWA AND BUNDELKHAND)  HOT SUBHUMID (DRY) ECO-REGION,91.01,26.15,0.97,28.7473021301605,43.84588250556406,Average,0.680718046212343,3.15,580000,3
9571469971767790,MADHYA PRADESH,CENTRAL,M,HARDA,461331,HARDA,Abagaon Khurd,M,"22.2640753,77.0967036",Permanent Address,parental,0,,0,15.0,Average,Harda,3.8,1.8,43.84588250556406,Average,1903.32,23.69 /30.57,Average,98.11,17.94 /30.52,1061.78,23.73 /30.31,114.17,18.24 /31.7,225.37,18.08 /29.82,1.98,3.9,98.81,6.56,19.95,51.07,68.98,15.04,1377.49,1117.14,81.1,53.18,69.32,39.66,34.6,Deep Black soils (with shallow and medium Black Soils as inclusion),[None],CENTRAL HIGHLANDS (MALWA AND BUNDELKHAND)  HOT SUBHUMID (DRY) ECO-REGION,89.5,30.13,97.89,94.13,43.59,42.37,Deep Black soils (with shallow and medium Black Soils as inclusion),[None],CENTRAL HIGHLANDS (MALWA AND BUNDELKHAND)  HOT SUBHUMID (DRY) ECO-REGION,82.17,16.19,94.41,21.12,25.42,41.11,Deep Black soils (with shallow and medium Black Soils as inclusion),[None],CENTRAL HIGHLANDS (MALWA AND BUNDELKHAND)  HOT SUBHUMID (DRY) ECO-REGION,81.16,19.31,97.89,94.13,5.98,24.1,Deep Black soils (with shallow and medium Black Soils as inclusion),[None],CENTRAL HIGHLANDS (MALWA AND BUNDELKHAND)  HOT SUBHUMID (DRY) ECO-REGION,84.93,25.91,94.41,21.12,43.94,45.45,Deep Black soils (with shallow and medium Black Soils as inclusion),[None],CENTRAL HIGHLANDS (MALWA AND BUNDELKHAND)  HOT SUBHUMID (DRY) ECO-REGION,88.45,25.78,93.25,88.04,35.0,37.54,Deep Black soils (with shallow and medium Black Soils as inclusion),[None],CENTRAL HIGHLANDS (MALWA AND BUNDELKHAND)  HOT SUBHUMID (DRY) ECO-REGION,91.01,26.15,0.97,28.7473021301605,43.84588250556406,Average,0.680718046212343,3.15,870000,4
9407637189893210,MADHYA PRADESH,CENTRAL,M,KANNOD,455332,DEWAS,Bawdikheda,M,"22.751219,76.6018896",Permanent Address,parental,3,812000.0,0,10.0,Poor,Kannod,11.6,60.8,38.11776195176581,Poor,1883.29,23.44 /30.49,Poor,90.63,17.63 /29.74,881.68,23.42 /30.09,130.16,17.39 /29.98,63.93,17.51 /29.02,1.3,2.28,99.55,5.24,23.03,39.04,69.03,8.06,4292.56,2217.7,51.66,67.97,66.91,9.65,28.21,Deep Black soils (with shallow and medium Black Soils as inclusion),['water'],CENTRAL HIGHLANDS (MALWA AND BUNDELKHAND)  HOT SUBHUMID (DRY) ECO-REGION,97.06,27.73,86.61,87.37,12.94,28.92,Deep Black soils (with shallow and medium Black Soils as inclusion),['water'],CENTRAL HIGHLANDS (MALWA AND BUNDELKHAND)  HOT SUBHUMID (DRY) ECO-REGION,92.19,15.75,77.56,69.79,24.29,42.8,Deep Black soils (with shallow and medium Black Soils as inclusion),['water'],CENTRAL HIGHLANDS (MALWA AND BUNDELKHAND)  HOT SUBHUMID (DRY) ECO-REGION,90.33,16.92,86.61,87.37,40.86,39.79,Deep Black soils (with shallow and medium Black Soils as inclusion),['water'],CENTRAL HIGHLANDS (MALWA AND BUNDELKHAND)  HOT SUBHUMID (DRY) ECO-REGION,93.59,26.94,77.56,69.79,19.75,33.87,Deep Black soils (with shallow and medium Black Soils as inclusion),['water'],CENTRAL HIGHLANDS (MALWA AND BUNDELKHAND)  HOT SUBHUMID (DRY) ECO-REGION,94.22,23.33,49.15,64.42,12.97,21.61,Deep Black soils (with shallow and medium Black Soils as inclusion),['water'],CENTRAL HIGHLANDS (MALWA AND BUNDELKHAND)  HOT SUBHUMID (DRY) ECO-REGION,98.55,28.91,0.96,25.2128300862387,38.11776195176581,Poor,2.47748955470653,0.0,688000,4
2985830500613790,PUNJAB,NORTH,M,MOHALI,140306,SAHIBZADA AJIT SINGH NAGAR,Bari,M,"30.486486486486488,76.609349259915",Permanent Address,parental,1,2007000.0,200000,30.0,Poor,Damoh,12.6,9.2,35.37824868343939,Average,1471.11,23.64 /30.89,Poor,55.91,15.58 /28.84,920.58,23.9 /30.88,306.33,15.4 /28.8,131.74,15.65 /27.82,6.38,2.69,99.61,5.82,5.07,89.45,87.45,0.86,466.56,367.54,78.78,63.19,87.22,17.49,25.36,Deep Black soils (with shallow and medium Black Soils as inclusion),[None],CENTRAL HIGHLANDS (MALWA AND BUNDELKHAND)  HOT SUBHUMID (DRY) ECO-REGION,95.81,24.02,93.62,81.96,26.87,31.55,Deep Black soils (with shallow and medium Black Soils as inclusion),[None],CENTRAL HIGHLANDS (MALWA AND BUNDELKHAND)  HOT SUBHUMID (DRY) ECO-REGION,91.12,13.37,81.96,80.12,33.66,43.74,Deep Black soils (with shallow and medium Black Soils as inclusion),[None],CENTRAL HIGHLANDS (MALWA AND BUNDELKHAND)  HOT SUBHUMID (DRY) ECO-REGION,89.89,14.72,93.62,81.96,10.64,23.14,Deep Black soils (with shallow and medium Black Soils as inclusion),[None],CENTRAL HIGHLANDS (MALWA AND BUNDELKHAND)  HOT SUBHUMID (DRY) ECO-REGION,91.49,20.01,47.63,63.62,19.69,22.88,Mixed Red and Black Soils,"['reservoir, water']",CENTRAL HIGHLANDS (MALWA AND BUNDELKHAND)  HOT SUBHUMID (DRY) ECO-REGION,92.44,14.83,94.33,92.4,12.52,24.9,Deep Black soils (with shallow and medium Black Soils as inclusion),[None],CENTRAL HIGHLANDS (MALWA AND BUNDELKHAND)  HOT SUBHUMID (DRY) ECO-REGION,94.31,19.08,0.86,23.5224443881877,35.37824868343939,Average,0.846593264845442,0.0,2678000,2
6045553214903060,ODISHA,EAST,M,RAMGARH,754022,CUTTACK,Karanji,S,"20.6654557,85.9373699",Current Address,parental,6,498133.333333333,500000,10.0,Average,"Jawala,Bajar",6.5,12.6,40.98403424091585,Poor,1720.93,23.3 /30,Poor,22.23,20.21 /31.77,1208.9,23.18 /29.63,128.12,19.81 /31.85,115.38,20.54 /30.89,2.65,5.7,98.2,3.8,8.56,13.96,60.2,1.08,551.17,480.35,87.15,54.84,74.48,48.94,37.36,Shallow Black Soils (with medium and deep Black Soils as  inclusion),[None],DECCAN PLATU  HOT SEMI-ARID ECO-REGION,99.59,26.53,59.86,64.43,24.3,24.26,Shallow Black Soils (with medium and deep Black Soils as  inclusion),[None],DECCAN PLATU  HOT SEMI-ARID ECO-REGION,94.36,18.08,91.19,50.5,23.16,39.12,Shallow Black Soils (with medium and deep Black Soils as  inclusion),[None],DECCAN PLATU  HOT SEMI-ARID ECO-REGION,95.43,23.9,59.86,64.43,42.83,30.69,Shallow Black Soils (with medium and deep Black Soils as  inclusion),[None],DECCAN PLATU  HOT SEMI-ARID ECO-REGION,95.85,25.31,92.32,44.02,36.44,38.77,Shallow Black Soils (with medium and deep Black Soils as  inclusion),[None],DECCAN PLATU  HOT SEMI-ARID ECO-REGION,95.92,29.5,91.18,67.44,28.67,31.42,Shallow Black Soils (with medium and deep Black Soils as  inclusion),[None],DECCAN PLATU  HOT SEMI-ARID ECO-REGION,91.92,17.6,0.95,26.9814310053571,40.98403424091585,Poor,0.337943843702291,0.0,1295000,3
1438431622975180,ODISHA,EAST,F,RAMGARH,754022,CUTTACK,Karanji,M,"20.4228153,85.9039493",Permanent Address,parental,3,469935.0,500000,10.0,Average,"Jawala,Bajar",6.5,12.6,40.98403424091585,Poor,1720.93,23.3 /30,Poor,22.23,20.21 /31.77,1208.9,23.18 /29.63,128.12,19.81 /31.85,115.38,20.54 /30.89,2.65,5.7,98.2,3.8,8.56,13.96,60.2,1.08,551.17,480.35,87.15,54.84,74.48,48.94,37.36,Shallow Black Soils (with medium and deep Black Soils as  inclusion),[None],DECCAN PLATU  HOT SEMI-ARID ECO-REGION,99.59,26.53,59.86,64.43,24.3,24.26,Shallow Black Soils (with medium and deep Black Soils as  inclusion),[None],DECCAN PLATU  HOT SEMI-ARID ECO-REGION,94.36,18.08,91.19,50.5,23.16,39.12,Shallow Black Soils (with medium and deep Black Soils as  inclusion),[None],DECCAN PLATU  HOT SEMI-ARID ECO-REGION,95.43,23.9,59.86,64.43,42.83,30.69,Shallow Black Soils (with medium and deep Black Soils as  inclusion),[None],DECCAN PLATU  HOT SEMI-ARID ECO-REGION,95.85,25.31,92.32,44.02,36.44,38.77,Shallow Black Soils (with medium and deep Black Soils as  inclusion),[None],DECCAN PLATU  HOT SEMI-ARID ECO-REGION,95.92,29.5,91.18,67.44,28.67,31.42,Shallow Black Soils (with medium and deep Black Soils as  inclusion),[None],DECCAN PLATU  HOT SEMI-ARID ECO-REGION,91.92,17.6,0.95,26.9814310053571,40.98403424091585,Poor,0.337943843702291,0.0,1295000,3
5771689655436600,MADHYA PRADESH,CENTRAL,M,KHATEGAON,455336,DEWAS,Sukras,M,"22.6697754,76.8229166",Permanent Address,parental,0,,100000,10.0,Poor,Kannod,5.5,44.0,42.11155748164379,Average,2012.97,23.78 /30.83,Poor,78.7,17.66 /29.99,953.57,23.73 /30.4,114.6,17.53 /30.42,82.4,17.7 /29.36,1.31,2.22,99.6,3.86,29.95,44.39,69.65,9.82,1294.08,907.59,70.13,65.28,63.86,14.14,25.79,Deep Black soils (with shallow and medium Black Soils as inclusion),[None],CENTRAL HIGHLANDS (MALWA AND BUNDELKHAND)  HOT SUBHUMID (DRY) ECO-REGION,93.94,28.44,68.94,81.72,14.4,22.58,Deep Black soils (with shallow and medium Black Soils as inclusion),[None],CENTRAL HIGHLANDS (MALWA AND BUNDELKHAND)  HOT SUBHUMID (DRY) ECO-REGION,88.21,15.93,74.1,72.64,29.17,40.63,Deep Black soils (with shallow and medium Black Soils as inclusion),[None],CENTRAL HIGHLANDS (MALWA AND BUNDELKHAND)  HOT SUBHUMID (DRY) ECO-REGION,86.72,17.36,68.94,81.72,40.54,32.65,Deep Black soils (with shallow and medium Black Soils as inclusion),[None],CENTRAL HIGHLANDS (MALWA AND BUNDELKHAND)  HOT SUBHUMID (DRY) ECO-REGION,90.36,26.94,74.1,72.64,23.06,30.62,Deep Black soils (with shallow and medium Black Soils as inclusion),[None],CENTRAL HIGHLANDS (MALWA AND BUNDELKHAND)  HOT SUBHUMID (DRY) ECO-REGION,91.55,23.79,32.44,55.41,14.87,15.53,Deep Black soils (with shallow and medium Black Soils as inclusion),[None],CENTRAL HIGHLANDS (MALWA AND BUNDELKHAND)  HOT SUBHUMID (DRY) ECO-REGION,95.51,28.31,0.91,27.6771564768789,42.11155748164379,Average,1.77694024590806,0.0,688000,4
8963619007531050,MAHARASHTRA,WEST,M,HINGOLI,431513,HINGOLI,Hingoli,M,"19.7135513,77.1350339",Permanent Address,parental,2,76786.5,0,15.0,Poor,Hingoli,0.1,0.0,51.39026032863331,Average,1695.43,23.12 /29.34,Poor,39.95,20.04 /30.92,955.54,22.92 /28.89,98.44,20.1 /31.78,211.86,20.08 /30.12,2.11,14.24,98.09,5.0,74.04,47.36,69.04,1.4,1724.74,930.94,53.98,52.03,65.62,19.19,24.73,Shallow Black Soils (with medium and deep Black Soils as  inclusion),['river'],DECCAN PLATU  HOT SEMI-ARID ECO-REGION,99.92,28.13,34.31,74.96,10.89,14.47,Shallow Black Soils (with medium and deep Black Soils as  inclusion),['river'],DECCAN PLATU  HOT SEMI-ARID ECO-REGION,94.81,17.73,90.14,71.69,15.36,38.59,Shallow Black Soils (with medium and deep Black Soils as  inclusion),['river'],DECCAN PLATU  HOT SEMI-ARID ECO-REGION,95.81,24.0,34.31,74.96,19.23,17.23,Shallow Black Soils (with medium and deep Black Soils as  inclusion),['river'],DECCAN PLATU  HOT SEMI-ARID ECO-REGION,95.91,24.75,90.14,71.69,24.96,35.48,Shallow Black Soils (with medium and deep Black Soils as  inclusion),['river'],DECCAN PLATU  HOT SEMI-ARID ECO-REGION,99.01,28.52,92.55,69.4,14.72,26.92,Shallow Black Soils (with medium and deep Black Soils as  inclusion),['river'],DECCAN PLATU  HOT SEMI-ARID ECO-REGION,93.69,17.49,0.97,33.4024751932938,51.39026032863331,Average,0.0241710433528203,7.53,850000,2
5802623214782040,ODISHA,EAST,M,CUTTACK SADAR,753011,CUTTACK,Gopalpur,M,"20.4428163,85.9031637",Current Address,parental,1,150000.0,500000,10.0,Average,Chaurai,10.4,22.2,37.77689359701781,Average,1800.63,22.41 /28.78,Average,139.36,17.08 /28.86,737.76,22.3 /28.54,102.17,16.82 /29.38,574.28,16.3 /27.18,4.12,5.7,98.2,2.32,16.64,76.47,60.2,0.44,1512.13,1253.78,82.91,56.65,73.61,43.41,37.55,Mixed Red and Black Soils,[None],CENTRAL HIGHLANDS (MALWA AND BUNDELKHAND)  HOT SUBHUMID (DRY) ECO-REGION,101.19,33.36,80.24,92.9,44.02,39.64,Mixed Red and Black Soils,[None],CENTRAL HIGHLANDS (MALWA AND BUNDELKHAND)  HOT SUBHUMID (DRY) ECO-REGION,90.93,14.58,64.76,82.24,26.76,39.05,Mixed Red and Black Soils,[None],CENTRAL HIGHLANDS (MALWA AND BUNDELKHAND)  HOT SUBHUMID (DRY) ECO-REGION,91.66,24.05,80.24,92.9,1.75,19.39,Mixed Red and Black Soils,[None],CENTRAL HIGHLANDS (MALWA AND BUNDELKHAND)  HOT SUBHUMID (DRY) ECO-REGION,92.06,23.15,64.76,82.24,5.98,22.51,Mixed Red and Black Soils,[None],CENTRAL HIGHLANDS (MALWA AND BUNDELKHAND)  HOT SUBHUMID (DRY) ECO-REGION,102.13,29.3,70.79,85.04,40.11,34.88,Mixed Red and Black Soils,[None],CENTRAL HIGHLANDS (MALWA AND BUNDELKHAND)  HOT SUBHUMID (DRY) ECO-REGION,100.75,19.2,0.92,25.0025011207082,37.77689359701781,Average,2.89149235488111,0.0,1295000,2
6010202285309300,MADHYA PRADESH,CENTRAL,M,KANNOD,455332,DEWAS,Bawdikheda,M,"22.7746341,76.63523",Permanent Address,parental,3,0.0,0,10.0,Poor,Kannod,11.6,60.8,38.11776195176581,Poor,1883.29,23.44 /30.49,Poor,90.63,17.63 /29.74,881.68,23.42 /30.09,130.16,17.39 /29.98,63.93,17.51 /29.02,1.3,2.28,99.55,5.24,23.03,39.04,69.03,8.06,4292.56,2217.7,51.66,67.97,66.91,9.65,28.21,Deep Black soils (with shallow and medium Black Soils as inclusion),['water'],CENTRAL HIGHLANDS (MALWA AND BUNDELKHAND)  HOT SUBHUMID (DRY) ECO-REGION,97.06,27.73,86.61,87.37,12.94,28.92,Deep Black soils (with shallow and medium Black Soils as inclusion),['water'],CENTRAL HIGHLANDS (MALWA AND BUNDELKHAND)  HOT SUBHUMID (DRY) ECO-REGION,92.19,15.75,77.56,69.79,24.29,42.8,Deep Black soils (with shallow and medium Black Soils as inclusion),['water'],CENTRAL HIGHLANDS (MALWA AND BUNDELKHAND)  HOT SUBHUMID (DRY) ECO-REGION,90.33,16.92,86.61,87.37,40.86,39.79,Deep Black soils (with shallow and medium Black Soils as inclusion),['water'],CENTRAL HIGHLANDS (MALWA AND BUNDELKHAND)  HOT SUBHUMID (DRY) ECO-REGION,93.59,26.94,77.56,69.79,19.75,33.87,Deep Black soils (with shallow and medium Black Soils as inclusion),['water'],CENTRAL HIGHLANDS (MALWA AND BUNDELKHAND)  HOT SUBHUMID (DRY) ECO-REGION,94.22,23.33,49.15,64.42,12.97,21.61,Deep Black soils (with shallow and medium Black Soils as inclusion),['water'],CENTRAL HIGHLANDS (MALWA AND BUNDELKHAND)  HOT SUBHUMID (DRY) ECO-REGION,98.55,28.91,0.96,25.2128300862387,38.11776195176581,Poor,2.47748955470653,0.0,688000,4
3363665121438930,MADHYA PRADESH,CENTRAL,M,VIDISHA,464226,VIDISHA,Bhagwanpur,M,"23.4980389,77.603466",Permanent Address,parental,9,16666.6666666666,241600,10.0,Poor,Berasia,18.8,41.0,31.05563083627594,Poor,1805.08,23.21 /30.56,Poor,66.25,15.38 /28.12,1254.41,23.32 /30.13,234.05,15.57 /28.86,76.09,15.29 /27.15,4.31,5.1,98.4,2.3,8.96,41.79,65.1,7.3,564.25,243.99,43.24,61.63,40.27,11.75,21.78,Deep Black soils (with shallow and medium Black Soils as inclusion),['reservoir'],CENTRAL HIGHLANDS (MALWA AND BUNDELKHAND)  HOT SUBHUMID (DRY) ECO-REGION,97.75,27.86,63.67,62.65,10.82,17.96,Deep Black soils (with shallow and medium Black Soils as inclusion),['reservoir'],CENTRAL HIGHLANDS (MALWA AND BUNDELKHAND)  HOT SUBHUMID (DRY) ECO-REGION,93.01,17.15,69.21,63.44,6.59,26.76,Deep Black soils (with shallow and medium Black Soils as inclusion),['reservoir'],CENTRAL HIGHLANDS (MALWA AND BUNDELKHAND)  HOT SUBHUMID (DRY) ECO-REGION,91.46,16.58,63.67,62.65,5.52,15.0,Deep Black soils (with shallow and medium Black Soils as inclusion),['reservoir'],CENTRAL HIGHLANDS (MALWA AND BUNDELKHAND)  HOT SUBHUMID (DRY) ECO-REGION,96.15,30.28,69.21,63.44,12.34,23.24,Deep Black soils (with shallow and medium Black Soils as inclusion),['reservoir'],CENTRAL HIGHLANDS (MALWA AND BUNDELKHAND)  HOT SUBHUMID (DRY) ECO-REGION,95.25,23.2,67.82,68.25,9.04,17.88,Deep Black soils (with shallow and medium Black Soils as inclusion),['reservoir'],CENTRAL HIGHLANDS (MALWA AND BUNDELKHAND)  HOT SUBHUMID (DRY) ECO-REGION,98.23,25.6,0.92,20.8552219032793,31.05563083627594,Poor,0.143168975654409,0.0,1050000,2
2715845474692150,MADHYA PRADESH,CENTRAL,M,VIDISHA,464226,VIDISHA,Bhagwanpur,M,"23.6107567,77.6387567",Permanent Address,parental,2,117700.0,241600,10.0,Poor,Berasia,18.8,41.0,31.05563083627594,Poor,1805.08,23.21 /30.56,Poor,66.25,15.38 /28.12,1254.41,23.32 /30.13,234.05,15.57 /28.86,76.09,15.29 /27.15,4.31,5.1,98.4,2.3,8.96,41.79,65.1,7.3,564.25,243.99,43.24,61.63,40.27,11.75,21.78,Deep Black soils (with shallow and medium Black Soils as inclusion),['reservoir'],CENTRAL HIGHLANDS (MALWA AND BUNDELKHAND)  HOT SUBHUMID (DRY) ECO-REGION,97.75,27.86,63.67,62.65,10.82,17.96,Deep Black soils (with shallow and medium Black Soils as inclusion),['reservoir'],CENTRAL HIGHLANDS (MALWA AND BUNDELKHAND)  HOT SUBHUMID (DRY) ECO-REGION,93.01,17.15,69.21,63.44,6.59,26.76,Deep Black soils (with shallow and medium Black Soils as inclusion),['reservoir'],CENTRAL HIGHLANDS (MALWA AND BUNDELKHAND)  HOT SUBHUMID (DRY) ECO-REGION,91.46,16.58,63.67,62.65,5.52,15.0,Deep Black soils (with shallow and medium Black Soils as inclusion),['reservoir'],CENTRAL HIGHLANDS (MALWA AND BUNDELKHAND)  HOT SUBHUMID (DRY) ECO-REGION,96.15,30.28,69.21,63.44,12.34,23.24,Deep Black soils (with shallow and medium Black Soils as inclusion),['reservoir'],CENTRAL HIGHLANDS (MALWA AND BUNDELKHAND)  HOT SUBHUMID (DRY) ECO-REGION,95.25,23.2,67.82,68.25,9.04,17.88,Deep Black soils (with shallow and medium Black Soils as inclusion),['reservoir'],CENTRAL HIGHLANDS (MALWA AND BUNDELKHAND)  HOT SUBHUMID (DRY) ECO-REGION,98.23,25.6,0.92,20.8552219032793,31.05563083627594,Poor,0.143168975654409,0.0,1050000,2
3062774991793890,MADHYA PRADESH,CENTRAL,M,KANNOD,455332,DEWAS,Kannod,M,"22.3411557,77.0917727",Permanent Address,parental,0,,0,10.0,Poor,Kannod,0.0,48.3,48.08532838677601,Average,1883.29,23.44 /30.49,Poor,90.63,17.63 /29.74,881.68,23.42 /30.09,130.16,17.39 /29.98,63.93,17.51 /29.02,1.3,2.28,99.55,5.24,23.03,39.04,69.03,8.06,1810.43,1229.84,67.93,63.6,72.09,11.36,25.1,Deep Black soils (with shallow and medium Black Soils as inclusion),['water'],CENTRAL HIGHLANDS (MALWA AND BUNDELKHAND)  HOT SUBHUMID (DRY) ECO-REGION,97.06,27.73,84.44,85.31,20.55,29.3,Deep Black soils (with shallow and medium Black Soils as inclusion),['water'],CENTRAL HIGHLANDS (MALWA AND BUNDELKHAND)  HOT SUBHUMID (DRY) ECO-REGION,92.19,15.75,90.46,88.34,41.42,52.48,Deep Black soils (with shallow and medium Black Soils as inclusion),['water'],CENTRAL HIGHLANDS (MALWA AND BUNDELKHAND)  HOT SUBHUMID (DRY) ECO-REGION,90.33,16.92,84.44,85.31,33.94,33.68,Deep Black soils (with shallow and medium Black Soils as inclusion),['water'],CENTRAL HIGHLANDS (MALWA AND BUNDELKHAND)  HOT SUBHUMID (DRY) ECO-REGION,93.59,26.94,90.46,88.34,31.69,39.12,Deep Black soils (with shallow and medium Black Soils as inclusion),['water'],CENTRAL HIGHLANDS (MALWA AND BUNDELKHAND)  HOT SUBHUMID (DRY) ECO-REGION,94.22,23.33,58.03,66.66,20.5,23.77,Deep Black soils (with shallow and medium Black Soils as inclusion),['water'],CENTRAL HIGHLANDS (MALWA AND BUNDELKHAND)  HOT SUBHUMID (DRY) ECO-REGION,98.55,28.91,0.95,31.3632042935546,48.08532838677601,Average,0.323628478800893,2.7,688000,5
1155579430761300,ODISHA,EAST,M,GURUDIJHATIA,754027,CUTTACK,Berhampur,M,"20.4429493,85.9032347",Permanent Address,parental,10,1611450.0,500000,10.0,Poor,Udala,9.2,23.8,39.42910364098999,Average,1395.58,25.32 /31.08,Poor,226.54,18.64 /28.64,1330.01,25.33 /30.65,372.72,19.05 /30.55,734.98,18.34 /28.02,2.6,5.7,98.2,2.35,10.32,2.56,60.2,1.38,199.21,140.45,70.5,65.45,8.26,10.71,21.8,Red and lateritic Soils,[None],EASTERN PLATEAU (CHHOTANAGPUR) AND EASTERN GHATS  HOT SUBHUMID ECO-REGION,79.15,38.87,79.0,3.34,11.9,20.82,Red and lateritic Soils,[None],EASTERN PLATEAU (CHHOTANAGPUR) AND EASTERN GHATS  HOT SUBHUMID ECO-REGION,78.4,35.97,57.81,1.53,24.77,26.05,Red and lateritic Soils,[None],EASTERN PLATEAU (CHHOTANAGPUR) AND EASTERN GHATS  HOT SUBHUMID ECO-REGION,69.81,36.16,79.0,3.34,6.98,18.16,Red and lateritic Soils,[None],EASTERN PLATEAU (CHHOTANAGPUR) AND EASTERN GHATS  HOT SUBHUMID ECO-REGION,81.02,35.58,57.81,1.53,39.59,30.66,Red and lateritic Soils,[None],EASTERN PLATEAU (CHHOTANAGPUR) AND EASTERN GHATS  HOT SUBHUMID ECO-REGION,82.01,31.53,87.13,52.28,53.92,40.52,Red and lateritic Soils,[None],EASTERN PLATEAU (CHHOTANAGPUR) AND EASTERN GHATS  HOT SUBHUMID ECO-REGION,74.18,34.44,0.76,26.021978653742,39.42910364098999,Average,0.209573690257696,0.0,1295000,2
7693360566999180,MADHYA PRADESH,CENTRAL,M,KHATEGAON,455336,DEWAS,Umariya,S,"22.5949934,76.9177413",Permanent Address,parental,1,11999.0,0,10.0,Poor,Khategaon,11.5,30.5,36.63282541888608,Average,2012.97,23.78 /30.83,Poor,78.7,17.66 /29.99,953.57,23.73 /30.4,114.6,17.53 /30.42,82.4,17.7 /29.36,1.31,2.22,99.6,3.86,29.95,44.39,69.65,9.82,1136.79,942.23,82.89,60.98,76.33,13.06,24.4,Deep Black soils (with shallow and medium Black Soils as inclusion),[None],CENTRAL HIGHLANDS (MALWA AND BUNDELKHAND)  HOT SUBHUMID (DRY) ECO-REGION,93.94,28.44,91.14,92.95,25.61,32.16,Deep Black soils (with shallow and medium Black Soils as inclusion),[None],CENTRAL HIGHLANDS (MALWA AND BUNDELKHAND)  HOT SUBHUMID (DRY) ECO-REGION,88.21,15.93,94.98,95.1,50.78,57.54,Deep Black soils (with shallow and medium Black Soils as inclusion),[None],CENTRAL HIGHLANDS (MALWA AND BUNDELKHAND)  HOT SUBHUMID (DRY) ECO-REGION,86.72,17.36,91.14,92.95,36.43,35.18,Deep Black soils (with shallow and medium Black Soils as inclusion),[None],CENTRAL HIGHLANDS (MALWA AND BUNDELKHAND)  HOT SUBHUMID (DRY) ECO-REGION,90.36,26.94,94.98,95.1,32.61,39.83,Deep Black soils (with shallow and medium Black Soils as inclusion),[None],CENTRAL HIGHLANDS (MALWA AND BUNDELKHAND)  HOT SUBHUMID (DRY) ECO-REGION,91.55,23.79,56.76,71.34,25.6,24.97,Deep Black soils (with shallow and medium Black Soils as inclusion),[None],CENTRAL HIGHLANDS (MALWA AND BUNDELKHAND)  HOT SUBHUMID (DRY) ECO-REGION,95.51,28.31,0.95,24.2965667825655,36.63282541888608,Average,1.22148616764759,0.0,688000,2
8931992824639550,MADHYA PRADESH,CENTRAL,M,KANNOD,455440,DEWAS,Bhayali,M,"22.5767009,76.5596365",Permanent Address,parental,5,33400.0,0,10.0,Poor,Loharda,8.0,51.4,39.24814741929072,Average,1801.19,23.75 /30.77,Poor,130.95,17.8 /30.08,832.84,23.77 /30.41,117.17,17.76 /30.69,106.92,17.87 /29.45,0.79,2.4,99.54,3.08,23.95,40.77,70.0,7.81,222.0,164.92,74.29,57.71,70.82,14.94,22.17,Deep Black soils (with shallow and medium Black Soils as inclusion),[None],CENTRAL HIGHLANDS (MALWA AND BUNDELKHAND)  HOT SUBHUMID (DRY) ECO-REGION,100.31,30.53,72.4,89.22,5.34,16.91,Deep Black soils (with shallow and medium Black Soils as inclusion),[None],CENTRAL HIGHLANDS (MALWA AND BUNDELKHAND)  HOT SUBHUMID (DRY) ECO-REGION,94.76,16.51,59.63,40.49,10.6,23.83,Deep Black soils (with shallow and medium Black Soils as inclusion),[None],CENTRAL HIGHLANDS (MALWA AND BUNDELKHAND)  HOT SUBHUMID (DRY) ECO-REGION,92.83,18.66,72.4,89.22,37.44,29.9,Deep Black soils (with shallow and medium Black Soils as inclusion),[None],CENTRAL HIGHLANDS (MALWA AND BUNDELKHAND)  HOT SUBHUMID (DRY) ECO-REGION,95.8,27.45,59.63,40.49,8.36,18.96,Deep Black soils (with shallow and medium Black Soils as inclusion),[None],CENTRAL HIGHLANDS (MALWA AND BUNDELKHAND)  HOT SUBHUMID (DRY) ECO-REGION,97.84,25.24,15.16,57.97,5.3,6.08,Deep Black soils (with shallow and medium Black Soils as inclusion),[None],CENTRAL HIGHLANDS (MALWA AND BUNDELKHAND)  HOT SUBHUMID (DRY) ECO-REGION,101.92,28.26,0.91,25.9103216624544,39.24814741929072,Average,0.349510448014242,0.0,588000,2
7149448493064240,MADHYA PRADESH,CENTRAL,M,KHATEGAON,455336,DEWAS,Sukras,M,"22.5901332,76.9216412",Permanent Address,parental,1,411000.0,0,10.0,Poor,Kannod,5.5,44.0,42.11155748164379,Average,2012.97,23.78 /30.83,Poor,78.7,17.66 /29.99,953.57,23.73 /30.4,114.6,17.53 /30.42,82.4,17.7 /29.36,1.31,2.22,99.6,3.86,29.95,44.39,69.65,9.82,1294.08,907.59,70.13,65.28,63.86,14.14,25.79,Deep Black soils (with shallow and medium Black Soils as inclusion),[None],CENTRAL HIGHLANDS (MALWA AND BUNDELKHAND)  HOT SUBHUMID (DRY) ECO-REGION,93.94,28.44,68.94,81.72,14.4,22.58,Deep Black soils (with shallow and medium Black Soils as inclusion),[None],CENTRAL HIGHLANDS (MALWA AND BUNDELKHAND)  HOT SUBHUMID (DRY) ECO-REGION,88.21,15.93,74.1,72.64,29.17,40.63,Deep Black soils (with shallow and medium Black Soils as inclusion),[None],CENTRAL HIGHLANDS (MALWA AND BUNDELKHAND)  HOT SUBHUMID (DRY) ECO-REGION,86.72,17.36,68.94,81.72,40.54,32.65,Deep Black soils (with shallow and medium Black Soils as inclusion),[None],CENTRAL HIGHLANDS (MALWA AND BUNDELKHAND)  HOT SUBHUMID (DRY) ECO-REGION,90.36,26.94,74.1,72.64,23.06,30.62,Deep Black soils (with shallow and medium Black Soils as inclusion),[None],CENTRAL HIGHLANDS (MALWA AND BUNDELKHAND)  HOT SUBHUMID (DRY) ECO-REGION,91.55,23.79,32.44,55.41,14.87,15.53,Deep Black soils (with shallow and medium Black Soils as inclusion),[None],CENTRAL HIGHLANDS (MALWA AND BUNDELKHAND)  HOT SUBHUMID (DRY) ECO-REGION,95.51,28.31,0.91,27.6771564768789,42.11155748164379,Average,1.77694024590806,0.0,688000,4
3011062528906800,MADHYA PRADESH,CENTRAL,M,KANNOD,455332,DEWAS,Kannod,M,"22.4622316,76.7274317",Permanent Address,parental,1,91000.0,0,10.0,Poor,Kannod,0.0,48.3,48.08532838677601,Average,1883.29,23.44 /30.49,Poor,90.63,17.63 /29.74,881.68,23.42 /30.09,130.16,17.39 /29.98,63.93,17.51 /29.02,1.3,2.28,99.55,5.24,23.03,39.04,69.03,8.06,1810.43,1229.84,67.93,63.6,72.09,11.36,25.1,Deep Black soils (with shallow and medium Black Soils as inclusion),['water'],CENTRAL HIGHLANDS (MALWA AND BUNDELKHAND)  HOT SUBHUMID (DRY) ECO-REGION,97.06,27.73,84.44,85.31,20.55,29.3,Deep Black soils (with shallow and medium Black Soils as inclusion),['water'],CENTRAL HIGHLANDS (MALWA AND BUNDELKHAND)  HOT SUBHUMID (DRY) ECO-REGION,92.19,15.75,90.46,88.34,41.42,52.48,Deep Black soils (with shallow and medium Black Soils as inclusion),['water'],CENTRAL HIGHLANDS (MALWA AND BUNDELKHAND)  HOT SUBHUMID (DRY) ECO-REGION,90.33,16.92,84.44,85.31,33.94,33.68,Deep Black soils (with shallow and medium Black Soils as inclusion),['water'],CENTRAL HIGHLANDS (MALWA AND BUNDELKHAND)  HOT SUBHUMID (DRY) ECO-REGION,93.59,26.94,90.46,88.34,31.69,39.12,Deep Black soils (with shallow and medium Black Soils as inclusion),['water'],CENTRAL HIGHLANDS (MALWA AND BUNDELKHAND)  HOT SUBHUMID (DRY) ECO-REGION,94.22,23.33,58.03,66.66,20.5,23.77,Deep Black soils (with shallow and medium Black Soils as inclusion),['water'],CENTRAL HIGHLANDS (MALWA AND BUNDELKHAND)  HOT SUBHUMID (DRY) ECO-REGION,98.55,28.91,0.95,31.3632042935546,48.08532838677601,Average,0.323628478800893,2.7,688000,5
5022116153005500,ODISHA,EAST,M,CUTTACK SADAR,753011,CUTTACK,Gopalpur,M,"20.4814083,86.049505",Permanent Address,parental,11,36605.3636363636,500000,10.0,Average,Chaurai,10.4,22.2,37.77689359701781,Average,1800.63,22.41 /28.78,Average,139.36,17.08 /28.86,737.76,22.3 /28.54,102.17,16.82 /29.38,574.28,16.3 /27.18,4.12,5.7,98.2,2.32,16.64,76.47,60.2,0.44,1512.13,1253.78,82.91,56.65,73.61,43.41,37.55,Mixed Red and Black Soils,[None],CENTRAL HIGHLANDS (MALWA AND BUNDELKHAND)  HOT SUBHUMID (DRY) ECO-REGION,101.19,33.36,80.24,92.9,44.02,39.64,Mixed Red and Black Soils,[None],CENTRAL HIGHLANDS (MALWA AND BUNDELKHAND)  HOT SUBHUMID (DRY) ECO-REGION,90.93,14.58,64.76,82.24,26.76,39.05,Mixed Red and Black Soils,[None],CENTRAL HIGHLANDS (MALWA AND BUNDELKHAND)  HOT SUBHUMID (DRY) ECO-REGION,91.66,24.05,80.24,92.9,1.75,19.39,Mixed Red and Black Soils,[None],CENTRAL HIGHLANDS (MALWA AND BUNDELKHAND)  HOT SUBHUMID (DRY) ECO-REGION,92.06,23.15,64.76,82.24,5.98,22.51,Mixed Red and Black Soils,[None],CENTRAL HIGHLANDS (MALWA AND BUNDELKHAND)  HOT SUBHUMID (DRY) ECO-REGION,102.13,29.3,70.79,85.04,40.11,34.88,Mixed Red and Black Soils,[None],CENTRAL HIGHLANDS (MALWA AND BUNDELKHAND)  HOT SUBHUMID (DRY) ECO-REGION,100.75,19.2,0.92,25.0025011207082,37.77689359701781,Average,2.89149235488111,0.0,1295000,2
2660437107017440,MADHYA PRADESH,CENTRAL,F,KANNOD,455332,DEWAS,Kannod,M,"22.5305748,76.7386192",Permanent Address,parental,8,242966.875,0,10.0,Poor,Kannod,0.0,48.3,48.08532838677601,Average,1883.29,23.44 /30.49,Poor,90.63,17.63 /29.74,881.68,23.42 /30.09,130.16,17.39 /29.98,63.93,17.51 /29.02,1.3,2.28,99.55,5.24,23.03,39.04,69.03,8.06,1810.43,1229.84,67.93,63.6,72.09,11.36,25.1,Deep Black soils (with shallow and medium Black Soils as inclusion),['water'],CENTRAL HIGHLANDS (MALWA AND BUNDELKHAND)  HOT SUBHUMID (DRY) ECO-REGION,97.06,27.73,84.44,85.31,20.55,29.3,Deep Black soils (with shallow and medium Black Soils as inclusion),['water'],CENTRAL HIGHLANDS (MALWA AND BUNDELKHAND)  HOT SUBHUMID (DRY) ECO-REGION,92.19,15.75,90.46,88.34,41.42,52.48,Deep Black soils (with shallow and medium Black Soils as inclusion),['water'],CENTRAL HIGHLANDS (MALWA AND BUNDELKHAND)  HOT SUBHUMID (DRY) ECO-REGION,90.33,16.92,84.44,85.31,33.94,33.68,Deep Black soils (with shallow and medium Black Soils as inclusion),['water'],CENTRAL HIGHLANDS (MALWA AND BUNDELKHAND)  HOT SUBHUMID (DRY) ECO-REGION,93.59,26.94,90.46,88.34,31.69,39.12,Deep Black soils (with shallow and medium Black Soils as inclusion),['water'],CENTRAL HIGHLANDS (MALWA AND BUNDELKHAND)  HOT SUBHUMID (DRY) ECO-REGION,94.22,23.33,58.03,66.66,20.5,23.77,Deep Black soils (with shallow and medium Black Soils as inclusion),['water'],CENTRAL HIGHLANDS (MALWA AND BUNDELKHAND)  HOT SUBHUMID (DRY) ECO-REGION,98.55,28.91,0.95,31.3632042935546,48.08532838677601,Average,0.323628478800893,2.7,688000,5
3615701534625130,PUNJAB,NORTH,M,MOHALI,140306,SAHIBZADA AJIT SINGH NAGAR,Bari,M,"30.486486486486488,76.58844059472398",Permanent Address,parental,13,287056.461538461,200000,30.0,Poor,Damoh,12.6,9.2,35.37824868343939,Average,1471.11,23.64 /30.89,Poor,55.91,15.58 /28.84,920.58,23.9 /30.88,306.33,15.4 /28.8,131.74,15.65 /27.82,6.38,2.69,99.61,5.82,5.07,89.45,87.45,0.86,466.56,367.54,78.78,63.19,87.22,17.49,25.36,Deep Black soils (with shallow and medium Black Soils as inclusion),[None],CENTRAL HIGHLANDS (MALWA AND BUNDELKHAND)  HOT SUBHUMID (DRY) ECO-REGION,95.81,24.02,93.62,81.96,26.87,31.55,Deep Black soils (with shallow and medium Black Soils as inclusion),[None],CENTRAL HIGHLANDS (MALWA AND BUNDELKHAND)  HOT SUBHUMID (DRY) ECO-REGION,91.12,13.37,81.96,80.12,33.66,43.74,Deep Black soils (with shallow and medium Black Soils as inclusion),[None],CENTRAL HIGHLANDS (MALWA AND BUNDELKHAND)  HOT SUBHUMID (DRY) ECO-REGION,89.89,14.72,93.62,81.96,10.64,23.14,Deep Black soils (with shallow and medium Black Soils as inclusion),[None],CENTRAL HIGHLANDS (MALWA AND BUNDELKHAND)  HOT SUBHUMID (DRY) ECO-REGION,91.49,20.01,47.63,63.62,19.69,22.88,Mixed Red and Black Soils,"['reservoir, water']",CENTRAL HIGHLANDS (MALWA AND BUNDELKHAND)  HOT SUBHUMID (DRY) ECO-REGION,92.44,14.83,94.33,92.4,12.52,24.9,Deep Black soils (with shallow and medium Black Soils as inclusion),[None],CENTRAL HIGHLANDS (MALWA AND BUNDELKHAND)  HOT SUBHUMID (DRY) ECO-REGION,94.31,19.08,0.86,23.5224443881877,35.37824868343939,Average,0.846593264845442,0.0,2678000,2
1112612491901240,MADHYA PRADESH,CENTRAL,M,KANNOD,455332,DEWAS,Kannod,S,"22.7472631,76.8866885",Permanent Address,parental,1,9500.0,0,10.0,Poor,Kannod,0.0,48.3,48.08532838677601,Average,1883.29,23.44 /30.49,Poor,90.63,17.63 /29.74,881.68,23.42 /30.09,130.16,17.39 /29.98,63.93,17.51 /29.02,1.3,2.28,99.55,5.24,23.03,39.04,69.03,8.06,1810.43,1229.84,67.93,63.6,72.09,11.36,25.1,Deep Black soils (with shallow and medium Black Soils as inclusion),['water'],CENTRAL HIGHLANDS (MALWA AND BUNDELKHAND)  HOT SUBHUMID (DRY) ECO-REGION,97.06,27.73,84.44,85.31,20.55,29.3,Deep Black soils (with shallow and medium Black Soils as inclusion),['water'],CENTRAL HIGHLANDS (MALWA AND BUNDELKHAND)  HOT SUBHUMID (DRY) ECO-REGION,92.19,15.75,90.46,88.34,41.42,52.48,Deep Black soils (with shallow and medium Black Soils as inclusion),['water'],CENTRAL HIGHLANDS (MALWA AND BUNDELKHAND)  HOT SUBHUMID (DRY) ECO-REGION,90.33,16.92,84.44,85.31,33.94,33.68,Deep Black soils (with shallow and medium Black Soils as inclusion),['water'],CENTRAL HIGHLANDS (MALWA AND BUNDELKHAND)  HOT SUBHUMID (DRY) ECO-REGION,93.59,26.94,90.46,88.34,31.69,39.12,Deep Black soils (with shallow and medium Black Soils as inclusion),['water'],CENTRAL HIGHLANDS (MALWA AND BUNDELKHAND)  HOT SUBHUMID (DRY) ECO-REGION,94.22,23.33,58.03,66.66,20.5,23.77,Deep Black soils (with shallow and medium Black Soils as inclusion),['water'],CENTRAL HIGHLANDS (MALWA AND BUNDELKHAND)  HOT SUBHUMID (DRY) ECO-REGION,98.55,28.91,0.95,31.3632042935546,48.08532838677601,Average,0.323628478800893,2.7,688000,5
9213670972635600,MADHYA PRADESH,CENTRAL,M,RATLAM,457001,RATLAM,Banki,M,"23.3261705,75.0580117",Permanent Address,parental,0,,60000,4.0,Poor,Amarwda,13.8,27.4,34.25989116649744,Average,1858.47,21.93 /28.21,Poor,145.85,16.42 /28.09,771.85,21.83 /27.92,110.83,16.76 /28.8,560.43,15.8 /26.53,2.12,7.58,98.94,2.88,17.03,33.86,69.13,3.8,551.74,408.28,74.0,42.7,31.1,40.27,29.97,Mixed Red and Black Soils,[None],CENTRAL HIGHLANDS (MALWA AND BUNDELKHAND)  HOT SUBHUMID (DRY) ECO-REGION,98.41,30.65,27.9,40.17,31.73,21.46,Mixed Red and Black Soils,[None],CENTRAL HIGHLANDS (MALWA AND BUNDELKHAND)  HOT SUBHUMID (DRY) ECO-REGION,89.39,13.8,27.3,43.75,12.3,17.39,Mixed Red and Black Soils,[None],CENTRAL HIGHLANDS (MALWA AND BUNDELKHAND)  HOT SUBHUMID (DRY) ECO-REGION,89.74,21.63,27.9,40.17,4.03,8.11,Mixed Red and Black Soils,[None],CENTRAL HIGHLANDS (MALWA AND BUNDELKHAND)  HOT SUBHUMID (DRY) ECO-REGION,90.55,22.54,14.83,8.7,16.8,11.2,Deep Black soils (with shallow and medium Black Soils as inclusion),[None],CENTRAL HIGHLANDS ( MALWA )  GUJARAT PLAIN AND KATHIAWAR PENINSULA  SEMI-ARID ECO-REGION,91.88,20.7,16.11,25.98,19.7,12.92,Mixed Red and Black Soils,[None],CENTRAL HIGHLANDS (MALWA AND BUNDELKHAND)  HOT SUBHUMID (DRY) ECO-REGION,98.41,19.32,0.9,22.8323745229297,34.25989116649744,Average,1.14849925455006,0.0,600000,2
1927136296789460,MADHYA PRADESH,CENTRAL,M,RATLAM,457001,RATLAM,Banki,M,"23.3326721,75.051379",Permanent Address,parental,3,273966.666666666,60000,4.0,Poor,Amarwda,13.8,27.4,34.25989116649744,Average,1858.47,21.93 /28.21,Poor,145.85,16.42 /28.09,771.85,21.83 /27.92,110.83,16.76 /28.8,560.43,15.8 /26.53,2.12,7.58,98.94,2.88,17.03,33.86,69.13,3.8,551.74,408.28,74.0,42.7,31.1,40.27,29.97,Mixed Red and Black Soils,[None],CENTRAL HIGHLANDS (MALWA AND BUNDELKHAND)  HOT SUBHUMID (DRY) ECO-REGION,98.41,30.65,27.9,40.17,31.73,21.46,Mixed Red and Black Soils,[None],CENTRAL HIGHLANDS (MALWA AND BUNDELKHAND)  HOT SUBHUMID (DRY) ECO-REGION,89.39,13.8,27.3,43.75,12.3,17.39,Mixed Red and Black Soils,[None],CENTRAL HIGHLANDS (MALWA AND BUNDELKHAND)  HOT SUBHUMID (DRY) ECO-REGION,89.74,21.63,27.9,40.17,4.03,8.11,Mixed Red and Black Soils,[None],CENTRAL HIGHLANDS (MALWA AND BUNDELKHAND)  HOT SUBHUMID (DRY) ECO-REGION,90.55,22.54,14.83,8.7,16.8,11.2,Deep Black soils (with shallow and medium Black Soils as inclusion),[None],CENTRAL HIGHLANDS ( MALWA )  GUJARAT PLAIN AND KATHIAWAR PENINSULA  SEMI-ARID ECO-REGION,91.88,20.7,16.11,25.98,19.7,12.92,Mixed Red and Black Soils,[None],CENTRAL HIGHLANDS (MALWA AND BUNDELKHAND)  HOT SUBHUMID (DRY) ECO-REGION,98.41,19.32,0.9,22.8323745229297,34.25989116649744,Average,1.14849925455006,0.0,600000,2
3766892550483150,MADHYA PRADESH,CENTRAL,M,KHATEGAON,455336,DEWAS,Umariya,M,"22.5095528,76.8181335",Permanent Address,parental,4,0.0,0,10.0,Poor,Khategaon,11.5,30.5,36.63282541888608,Average,2012.97,23.78 /30.83,Poor,78.7,17.66 /29.99,953.57,23.73 /30.4,114.6,17.53 /30.42,82.4,17.7 /29.36,1.31,2.22,99.6,3.86,29.95,44.39,69.65,9.82,1136.79,942.23,82.89,60.98,76.33,13.06,24.4,Deep Black soils (with shallow and medium Black Soils as inclusion),[None],CENTRAL HIGHLANDS (MALWA AND BUNDELKHAND)  HOT SUBHUMID (DRY) ECO-REGION,93.94,28.44,91.14,92.95,25.61,32.16,Deep Black soils (with shallow and medium Black Soils as inclusion),[None],CENTRAL HIGHLANDS (MALWA AND BUNDELKHAND)  HOT SUBHUMID (DRY) ECO-REGION,88.21,15.93,94.98,95.1,50.78,57.54,Deep Black soils (with shallow and medium Black Soils as inclusion),[None],CENTRAL HIGHLANDS (MALWA AND BUNDELKHAND)  HOT SUBHUMID (DRY) ECO-REGION,86.72,17.36,91.14,92.95,36.43,35.18,Deep Black soils (with shallow and medium Black Soils as inclusion),[None],CENTRAL HIGHLANDS (MALWA AND BUNDELKHAND)  HOT SUBHUMID (DRY) ECO-REGION,90.36,26.94,94.98,95.1,32.61,39.83,Deep Black soils (with shallow and medium Black Soils as inclusion),[None],CENTRAL HIGHLANDS (MALWA AND BUNDELKHAND)  HOT SUBHUMID (DRY) ECO-REGION,91.55,23.79,56.76,71.34,25.6,24.97,Deep Black soils (with shallow and medium Black Soils as inclusion),[None],CENTRAL HIGHLANDS (MALWA AND BUNDELKHAND)  HOT SUBHUMID (DRY) ECO-REGION,95.51,28.31,0.95,24.2965667825655,36.63282541888608,Average,1.22148616764759,0.0,688000,2
3073906354148060,MADHYA PRADESH,CENTRAL,M,KHATEGAON,455336,DEWAS,Sukras,M,"22.682515,76.8284129",Permanent Address,parental,5,46000.0,0,10.0,Poor,Kannod,5.5,44.0,42.11155748164379,Average,2012.97,23.78 /30.83,Poor,78.7,17.66 /29.99,953.57,23.73 /30.4,114.6,17.53 /30.42,82.4,17.7 /29.36,1.31,2.22,99.6,3.86,29.95,44.39,69.65,9.82,1294.08,907.59,70.13,65.28,63.86,14.14,25.79,Deep Black soils (with shallow and medium Black Soils as inclusion),[None],CENTRAL HIGHLANDS (MALWA AND BUNDELKHAND)  HOT SUBHUMID (DRY) ECO-REGION,93.94,28.44,68.94,81.72,14.4,22.58,Deep Black soils (with shallow and medium Black Soils as inclusion),[None],CENTRAL HIGHLANDS (MALWA AND BUNDELKHAND)  HOT SUBHUMID (DRY) ECO-REGION,88.21,15.93,74.1,72.64,29.17,40.63,Deep Black soils (with shallow and medium Black Soils as inclusion),[None],CENTRAL HIGHLANDS (MALWA AND BUNDELKHAND)  HOT SUBHUMID (DRY) ECO-REGION,86.72,17.36,68.94,81.72,40.54,32.65,Deep Black soils (with shallow and medium Black Soils as inclusion),[None],CENTRAL HIGHLANDS (MALWA AND BUNDELKHAND)  HOT SUBHUMID (DRY) ECO-REGION,90.36,26.94,74.1,72.64,23.06,30.62,Deep Black soils (with shallow and medium Black Soils as inclusion),[None],CENTRAL HIGHLANDS (MALWA AND BUNDELKHAND)  HOT SUBHUMID (DRY) ECO-REGION,91.55,23.79,32.44,55.41,14.87,15.53,Deep Black soils (with shallow and medium Black Soils as inclusion),[None],CENTRAL HIGHLANDS (MALWA AND BUNDELKHAND)  HOT SUBHUMID (DRY) ECO-REGION,95.51,28.31,0.91,27.6771564768789,42.11155748164379,Average,1.77694024590806,0.0,688000,4
1300837307683460,MADHYA PRADESH,CENTRAL,M,KANNOD,455332,DEWAS,Bawdikheda,M,"22.7703413,76.6501161",Permanent Address,parental,5,51200.0,0,10.0,Poor,Kannod,11.6,60.8,38.11776195176581,Poor,1883.29,23.44 /30.49,Poor,90.63,17.63 /29.74,881.68,23.42 /30.09,130.16,17.39 /29.98,63.93,17.51 /29.02,1.3,2.28,99.55,5.24,23.03,39.04,69.03,8.06,4292.56,2217.7,51.66,67.97,66.91,9.65,28.21,Deep Black soils (with shallow and medium Black Soils as inclusion),['water'],CENTRAL HIGHLANDS (MALWA AND BUNDELKHAND)  HOT SUBHUMID (DRY) ECO-REGION,97.06,27.73,86.61,87.37,12.94,28.92,Deep Black soils (with shallow and medium Black Soils as inclusion),['water'],CENTRAL HIGHLANDS (MALWA AND BUNDELKHAND)  HOT SUBHUMID (DRY) ECO-REGION,92.19,15.75,77.56,69.79,24.29,42.8,Deep Black soils (with shallow and medium Black Soils as inclusion),['water'],CENTRAL HIGHLANDS (MALWA AND BUNDELKHAND)  HOT SUBHUMID (DRY) ECO-REGION,90.33,16.92,86.61,87.37,40.86,39.79,Deep Black soils (with shallow and medium Black Soils as inclusion),['water'],CENTRAL HIGHLANDS (MALWA AND BUNDELKHAND)  HOT SUBHUMID (DRY) ECO-REGION,93.59,26.94,77.56,69.79,19.75,33.87,Deep Black soils (with shallow and medium Black Soils as inclusion),['water'],CENTRAL HIGHLANDS (MALWA AND BUNDELKHAND)  HOT SUBHUMID (DRY) ECO-REGION,94.22,23.33,49.15,64.42,12.97,21.61,Deep Black soils (with shallow and medium Black Soils as inclusion),['water'],CENTRAL HIGHLANDS (MALWA AND BUNDELKHAND)  HOT SUBHUMID (DRY) ECO-REGION,98.55,28.91,0.96,25.2128300862387,38.11776195176581,Poor,2.47748955470653,0.0,688000,4
6807189267287990,MADHYA PRADESH,CENTRAL,M,KANNOD,455332,DEWAS,Kannod,M,"22.4544065,76.7359889",Permanent Address,parental,2,190000.0,100000,10.0,Poor,Kannod,0.0,48.3,48.08532838677601,Average,1883.29,23.44 /30.49,Poor,90.63,17.63 /29.74,881.68,23.42 /30.09,130.16,17.39 /29.98,63.93,17.51 /29.02,1.3,2.28,99.55,5.24,23.03,39.04,69.03,8.06,1810.43,1229.84,67.93,63.6,72.09,11.36,25.1,Deep Black soils (with shallow and medium Black Soils as inclusion),['water'],CENTRAL HIGHLANDS (MALWA AND BUNDELKHAND)  HOT SUBHUMID (DRY) ECO-REGION,97.06,27.73,84.44,85.31,20.55,29.3,Deep Black soils (with shallow and medium Black Soils as inclusion),['water'],CENTRAL HIGHLANDS (MALWA AND BUNDELKHAND)  HOT SUBHUMID (DRY) ECO-REGION,92.19,15.75,90.46,88.34,41.42,52.48,Deep Black soils (with shallow and medium Black Soils as inclusion),['water'],CENTRAL HIGHLANDS (MALWA AND BUNDELKHAND)  HOT SUBHUMID (DRY) ECO-REGION,90.33,16.92,84.44,85.31,33.94,33.68,Deep Black soils (with shallow and medium Black Soils as inclusion),['water'],CENTRAL HIGHLANDS (MALWA AND BUNDELKHAND)  HOT SUBHUMID (DRY) ECO-REGION,93.59,26.94,90.46,88.34,31.69,39.12,Deep Black soils (with shallow and medium Black Soils as inclusion),['water'],CENTRAL HIGHLANDS (MALWA AND BUNDELKHAND)  HOT SUBHUMID (DRY) ECO-REGION,94.22,23.33,58.03,66.66,20.5,23.77,Deep Black soils (with shallow and medium Black Soils as inclusion),['water'],CENTRAL HIGHLANDS (MALWA AND BUNDELKHAND)  HOT SUBHUMID (DRY) ECO-REGION,98.55,28.91,0.95,31.3632042935546,48.08532838677601,Average,0.323628478800893,2.7,688000,5
7942922364117180,MADHYA PRADESH,CENTRAL,M,KHATEGAON,455339,DEWAS,Khidkya,M,"22.589409,77.1247465",Permanent Address,parental,0,,0,10.0,Poor,Nasrullaganj,17.6,23.7,30.96513192616727,Poor,2012.97,23.78 /30.83,Poor,78.7,17.66 /29.99,953.57,23.73 /30.4,114.6,17.53 /30.42,82.4,17.7 /29.36,2.08,2.2,99.6,3.86,30.34,45.3,69.6,9.96,439.52,358.92,81.66,71.83,85.96,11.9,25.06,Deep Black soils (with shallow and medium Black Soils as inclusion),[None],CENTRAL HIGHLANDS (MALWA AND BUNDELKHAND)  HOT SUBHUMID (DRY) ECO-REGION,93.94,28.44,90.98,88.02,17.46,26.63,Deep Black soils (with shallow and medium Black Soils as inclusion),[None],CENTRAL HIGHLANDS (MALWA AND BUNDELKHAND)  HOT SUBHUMID (DRY) ECO-REGION,88.21,15.93,92.98,16.23,28.23,38.39,Deep Black soils (with shallow and medium Black Soils as inclusion),[None],CENTRAL HIGHLANDS (MALWA AND BUNDELKHAND)  HOT SUBHUMID (DRY) ECO-REGION,86.72,17.36,90.98,88.02,26.56,29.34,Deep Black soils (with shallow and medium Black Soils as inclusion),[None],CENTRAL HIGHLANDS (MALWA AND BUNDELKHAND)  HOT SUBHUMID (DRY) ECO-REGION,90.36,26.94,92.98,16.23,34.66,38.26,Deep Black soils (with shallow and medium Black Soils as inclusion),[None],CENTRAL HIGHLANDS (MALWA AND BUNDELKHAND)  HOT SUBHUMID (DRY) ECO-REGION,91.55,23.79,84.34,65.16,19.71,25.89,Deep Black soils (with shallow and medium Black Soils as inclusion),[None],CENTRAL HIGHLANDS (MALWA AND BUNDELKHAND)  HOT SUBHUMID (DRY) ECO-REGION,95.51,28.31,0.97,20.7993805736878,30.96513192616727,Poor,0.0996084155956607,0.0,688000,2
9210323732358920,MADHYA PRADESH,CENTRAL,M,KHATEGAON,455336,DEWAS,Sukras,M,"22.6701847,76.8239557",Permanent Address,parental,4,0.0,0,10.0,Poor,Kannod,5.5,44.0,42.11155748164379,Average,2012.97,23.78 /30.83,Poor,78.7,17.66 /29.99,953.57,23.73 /30.4,114.6,17.53 /30.42,82.4,17.7 /29.36,1.31,2.22,99.6,3.86,29.95,44.39,69.65,9.82,1294.08,907.59,70.13,65.28,63.86,14.14,25.79,Deep Black soils (with shallow and medium Black Soils as inclusion),[None],CENTRAL HIGHLANDS (MALWA AND BUNDELKHAND)  HOT SUBHUMID (DRY) ECO-REGION,93.94,28.44,68.94,81.72,14.4,22.58,Deep Black soils (with shallow and medium Black Soils as inclusion),[None],CENTRAL HIGHLANDS (MALWA AND BUNDELKHAND)  HOT SUBHUMID (DRY) ECO-REGION,88.21,15.93,74.1,72.64,29.17,40.63,Deep Black soils (with shallow and medium Black Soils as inclusion),[None],CENTRAL HIGHLANDS (MALWA AND BUNDELKHAND)  HOT SUBHUMID (DRY) ECO-REGION,86.72,17.36,68.94,81.72,40.54,32.65,Deep Black soils (with shallow and medium Black Soils as inclusion),[None],CENTRAL HIGHLANDS (MALWA AND BUNDELKHAND)  HOT SUBHUMID (DRY) ECO-REGION,90.36,26.94,74.1,72.64,23.06,30.62,Deep Black soils (with shallow and medium Black Soils as inclusion),[None],CENTRAL HIGHLANDS (MALWA AND BUNDELKHAND)  HOT SUBHUMID (DRY) ECO-REGION,91.55,23.79,32.44,55.41,14.87,15.53,Deep Black soils (with shallow and medium Black Soils as inclusion),[None],CENTRAL HIGHLANDS (MALWA AND BUNDELKHAND)  HOT SUBHUMID (DRY) ECO-REGION,95.51,28.31,0.91,27.6771564768789,42.11155748164379,Average,1.77694024590806,0.0,688000,4
1717410797457400,MADHYA PRADESH,CENTRAL,F,HARDA,461331,HARDA,Abagaon Khurd,M,"22.4293301,76.8249319",Permanent Address,parental,4,277421.5,0,15.0,Average,Harda,3.8,1.8,43.84588250556406,Average,1903.32,23.69 /30.57,Average,98.11,17.94 /30.52,1061.78,23.73 /30.31,114.17,18.24 /31.7,225.37,18.08 /29.82,1.98,3.9,98.81,6.56,19.95,51.07,68.98,15.04,1377.49,1117.14,81.1,53.18,69.32,39.66,34.6,Deep Black soils (with shallow and medium Black Soils as inclusion),[None],CENTRAL HIGHLANDS (MALWA AND BUNDELKHAND)  HOT SUBHUMID (DRY) ECO-REGION,89.5,30.13,97.89,94.13,43.59,42.37,Deep Black soils (with shallow and medium Black Soils as inclusion),[None],CENTRAL HIGHLANDS (MALWA AND BUNDELKHAND)  HOT SUBHUMID (DRY) ECO-REGION,82.17,16.19,94.41,21.12,25.42,41.11,Deep Black soils (with shallow and medium Black Soils as inclusion),[None],CENTRAL HIGHLANDS (MALWA AND BUNDELKHAND)  HOT SUBHUMID (DRY) ECO-REGION,81.16,19.31,97.89,94.13,5.98,24.1,Deep Black soils (with shallow and medium Black Soils as inclusion),[None],CENTRAL HIGHLANDS (MALWA AND BUNDELKHAND)  HOT SUBHUMID (DRY) ECO-REGION,84.93,25.91,94.41,21.12,43.94,45.45,Deep Black soils (with shallow and medium Black Soils as inclusion),[None],CENTRAL HIGHLANDS (MALWA AND BUNDELKHAND)  HOT SUBHUMID (DRY) ECO-REGION,88.45,25.78,93.25,88.04,35.0,37.54,Deep Black soils (with shallow and medium Black Soils as inclusion),[None],CENTRAL HIGHLANDS (MALWA AND BUNDELKHAND)  HOT SUBHUMID (DRY) ECO-REGION,91.01,26.15,0.97,28.7473021301605,43.84588250556406,Average,0.680718046212343,3.15,870000,4
2735406064362470,MADHYA PRADESH,CENTRAL,M,KANNOD,455459,DEWAS,Golaguthan,M,"22.5913088,76.9183999",Permanent Address,parental,4,0.0,0,10.0,Poor,Loharda,17.9,32.5,31.08272407266217,Poor,1801.19,23.75 /30.77,Poor,130.95,17.8 /30.08,832.84,23.77 /30.41,117.17,17.76 /30.69,106.92,17.87 /29.45,1.19,2.2,99.6,2.93,23.75,39.21,69.6,8.02,703.95,551.59,78.36,66.42,73.56,12.39,24.36,Deep Black soils (with shallow and medium Black Soils as inclusion),[None],CENTRAL HIGHLANDS (MALWA AND BUNDELKHAND)  HOT SUBHUMID (DRY) ECO-REGION,100.31,30.53,89.63,90.51,20.12,28.18,Deep Black soils (with shallow and medium Black Soils as inclusion),[None],CENTRAL HIGHLANDS (MALWA AND BUNDELKHAND)  HOT SUBHUMID (DRY) ECO-REGION,94.76,16.51,96.22,83.15,40.51,51.15,Deep Black soils (with shallow and medium Black Soils as inclusion),[None],CENTRAL HIGHLANDS (MALWA AND BUNDELKHAND)  HOT SUBHUMID (DRY) ECO-REGION,92.83,18.66,89.63,90.51,36.55,33.85,Deep Black soils (with shallow and medium Black Soils as inclusion),[None],CENTRAL HIGHLANDS (MALWA AND BUNDELKHAND)  HOT SUBHUMID (DRY) ECO-REGION,95.8,27.45,96.22,83.15,24.65,35.86,Deep Black soils (with shallow and medium Black Soils as inclusion),[None],CENTRAL HIGHLANDS (MALWA AND BUNDELKHAND)  HOT SUBHUMID (DRY) ECO-REGION,97.84,25.24,34.57,58.25,20.47,17.38,Deep Black soils (with shallow and medium Black Soils as inclusion),[None],CENTRAL HIGHLANDS (MALWA AND BUNDELKHAND)  HOT SUBHUMID (DRY) ECO-REGION,101.92,28.26,0.9,20.871939478562,31.08272407266217,Poor,1.25566836641778,7.2,688000,2
8304885682146430,MADHYA PRADESH,CENTRAL,M,HARDA,461331,HARDA,Abagaon Khurd,M,"22.3099408,77.1411947",Permanent Address,parental,1,935000.0,0,10.0,Average,Harda,3.8,1.8,43.84588250556406,Average,1903.32,23.69 /30.57,Average,98.11,17.94 /30.52,1061.78,23.73 /30.31,114.17,18.24 /31.7,225.37,18.08 /29.82,1.98,3.9,98.81,6.56,19.95,51.07,68.98,15.04,1377.49,1117.14,81.1,53.18,69.32,39.66,34.6,Deep Black soils (with shallow and medium Black Soils as inclusion),[None],CENTRAL HIGHLANDS (MALWA AND BUNDELKHAND)  HOT SUBHUMID (DRY) ECO-REGION,89.5,30.13,97.89,94.13,43.59,42.37,Deep Black soils (with shallow and medium Black Soils as inclusion),[None],CENTRAL HIGHLANDS (MALWA AND BUNDELKHAND)  HOT SUBHUMID (DRY) ECO-REGION,82.17,16.19,94.41,21.12,25.42,41.11,Deep Black soils (with shallow and medium Black Soils as inclusion),[None],CENTRAL HIGHLANDS (MALWA AND BUNDELKHAND)  HOT SUBHUMID (DRY) ECO-REGION,81.16,19.31,97.89,94.13,5.98,24.1,Deep Black soils (with shallow and medium Black Soils as inclusion),[None],CENTRAL HIGHLANDS (MALWA AND BUNDELKHAND)  HOT SUBHUMID (DRY) ECO-REGION,84.93,25.91,94.41,21.12,43.94,45.45,Deep Black soils (with shallow and medium Black Soils as inclusion),[None],CENTRAL HIGHLANDS (MALWA AND BUNDELKHAND)  HOT SUBHUMID (DRY) ECO-REGION,88.45,25.78,93.25,88.04,35.0,37.54,Deep Black soils (with shallow and medium Black Soils as inclusion),[None],CENTRAL HIGHLANDS (MALWA AND BUNDELKHAND)  HOT SUBHUMID (DRY) ECO-REGION,91.01,26.15,0.97,28.7473021301605,43.84588250556406,Average,0.680718046212343,3.15,580000,3
9256707510083530,MADHYA PRADESH,CENTRAL,M,KANNOD,455440,DEWAS,Bhayali,M,"22.5882784,76.5033175",Permanent Address,parental,1,43000.0,0,10.0,Poor,Loharda,8.0,51.4,39.24814741929072,Average,1801.19,23.75 /30.77,Poor,130.95,17.8 /30.08,832.84,23.77 /30.41,117.17,17.76 /30.69,106.92,17.87 /29.45,0.79,2.4,99.54,3.08,23.95,40.77,70.0,7.81,222.0,164.92,74.29,57.71,70.82,14.94,22.17,Deep Black soils (with shallow and medium Black Soils as inclusion),[None],CENTRAL HIGHLANDS (MALWA AND BUNDELKHAND)  HOT SUBHUMID (DRY) ECO-REGION,100.31,30.53,72.4,89.22,5.34,16.91,Deep Black soils (with shallow and medium Black Soils as inclusion),[None],CENTRAL HIGHLANDS (MALWA AND BUNDELKHAND)  HOT SUBHUMID (DRY) ECO-REGION,94.76,16.51,59.63,40.49,10.6,23.83,Deep Black soils (with shallow and medium Black Soils as inclusion),[None],CENTRAL HIGHLANDS (MALWA AND BUNDELKHAND)  HOT SUBHUMID (DRY) ECO-REGION,92.83,18.66,72.4,89.22,37.44,29.9,Deep Black soils (with shallow and medium Black Soils as inclusion),[None],CENTRAL HIGHLANDS (MALWA AND BUNDELKHAND)  HOT SUBHUMID (DRY) ECO-REGION,95.8,27.45,59.63,40.49,8.36,18.96,Deep Black soils (with shallow and medium Black Soils as inclusion),[None],CENTRAL HIGHLANDS (MALWA AND BUNDELKHAND)  HOT SUBHUMID (DRY) ECO-REGION,97.84,25.24,15.16,57.97,5.3,6.08,Deep Black soils (with shallow and medium Black Soils as inclusion),[None],CENTRAL HIGHLANDS (MALWA AND BUNDELKHAND)  HOT SUBHUMID (DRY) ECO-REGION,101.92,28.26,0.91,25.9103216624544,39.24814741929072,Average,0.349510448014242,0.0,588000,2
6630486055332160,MADHYA PRADESH,CENTRAL,M,VIDISHA,464001,VIDISHA,Ambar,M,"23.5356113,78.0655908",Permanent Address,parental,1,380000.0,33600,15.0,Average,Gulabganj,14.9,13.1,33.44921507901788,Poor,2246.31,23.23 /30.74,Average,63.91,15.49 /28.61,1141.05,23.32 /30.2,191.84,15.24 /28.83,94.58,15.56 /27.71,3.29,5.08,98.42,2.78,6.77,36.34,65.14,8.45,1106.56,899.58,81.3,67.54,43.2,40.12,37.68,Deep Black soils (with shallow and medium Black Soils as inclusion),[None],CENTRAL HIGHLANDS (MALWA AND BUNDELKHAND)  HOT SUBHUMID (DRY) ECO-REGION,102.29,29.85,92.06,73.14,38.32,38.1,Deep Black soils (with shallow and medium Black Soils as inclusion),[None],CENTRAL HIGHLANDS (MALWA AND BUNDELKHAND)  HOT SUBHUMID (DRY) ECO-REGION,95.79,16.84,91.51,48.36,20.22,38.89,Deep Black soils (with shallow and medium Black Soils as inclusion),[None],CENTRAL HIGHLANDS (MALWA AND BUNDELKHAND)  HOT SUBHUMID (DRY) ECO-REGION,94.68,17.7,92.06,73.14,17.86,27.39,Deep Black soils (with shallow and medium Black Soils as inclusion),[None],CENTRAL HIGHLANDS (MALWA AND BUNDELKHAND)  HOT SUBHUMID (DRY) ECO-REGION,99.34,29.9,91.51,48.36,39.39,41.37,Deep Black soils (with shallow and medium Black Soils as inclusion),[None],CENTRAL HIGHLANDS (MALWA AND BUNDELKHAND)  HOT SUBHUMID (DRY) ECO-REGION,99.99,26.48,91.41,59.6,24.35,30.71,Deep Black soils (with shallow and medium Black Soils as inclusion),[None],CENTRAL HIGHLANDS (MALWA AND BUNDELKHAND)  HOT SUBHUMID (DRY) ECO-REGION,100.95,25.95,0.95,22.3321560060599,33.44921507901788,Poor,1.95978388741231,0.0,1250000,2
1548815408139780,MADHYA PRADESH,CENTRAL,M,HARDA,461331,HARDA,Abagaon Khurd,M,"22.2657296,77.0961961",Permanent Address,parental,4,47960.25,0,18.0,Average,Harda,3.8,1.8,43.84588250556406,Average,1903.32,23.69 /30.57,Average,98.11,17.94 /30.52,1061.78,23.73 /30.31,114.17,18.24 /31.7,225.37,18.08 /29.82,1.98,3.9,98.81,6.56,19.95,51.07,68.98,15.04,1377.49,1117.14,81.1,53.18,69.32,39.66,34.6,Deep Black soils (with shallow and medium Black Soils as inclusion),[None],CENTRAL HIGHLANDS (MALWA AND BUNDELKHAND)  HOT SUBHUMID (DRY) ECO-REGION,89.5,30.13,97.89,94.13,43.59,42.37,Deep Black soils (with shallow and medium Black Soils as inclusion),[None],CENTRAL HIGHLANDS (MALWA AND BUNDELKHAND)  HOT SUBHUMID (DRY) ECO-REGION,82.17,16.19,94.41,21.12,25.42,41.11,Deep Black soils (with shallow and medium Black Soils as inclusion),[None],CENTRAL HIGHLANDS (MALWA AND BUNDELKHAND)  HOT SUBHUMID (DRY) ECO-REGION,81.16,19.31,97.89,94.13,5.98,24.1,Deep Black soils (with shallow and medium Black Soils as inclusion),[None],CENTRAL HIGHLANDS (MALWA AND BUNDELKHAND)  HOT SUBHUMID (DRY) ECO-REGION,84.93,25.91,94.41,21.12,43.94,45.45,Deep Black soils (with shallow and medium Black Soils as inclusion),[None],CENTRAL HIGHLANDS (MALWA AND BUNDELKHAND)  HOT SUBHUMID (DRY) ECO-REGION,88.45,25.78,93.25,88.04,35.0,37.54,Deep Black soils (with shallow and medium Black Soils as inclusion),[None],CENTRAL HIGHLANDS (MALWA AND BUNDELKHAND)  HOT SUBHUMID (DRY) ECO-REGION,91.01,26.15,0.97,28.7473021301605,43.84588250556406,Average,0.680718046212343,3.15,1044000,2
6113018816178490,MADHYA PRADESH,CENTRAL,M,HARDA,461331,HARDA,Abagaon Khurd,M,"22.3548638,77.0796171",Permanent Address,parental,4,49002.5,0,18.0,Average,Harda,3.8,1.8,43.84588250556406,Average,1903.32,23.69 /30.57,Average,98.11,17.94 /30.52,1061.78,23.73 /30.31,114.17,18.24 /31.7,225.37,18.08 /29.82,1.98,3.9,98.81,6.56,19.95,51.07,68.98,15.04,1377.49,1117.14,81.1,53.18,69.32,39.66,34.6,Deep Black soils (with shallow and medium Black Soils as inclusion),[None],CENTRAL HIGHLANDS (MALWA AND BUNDELKHAND)  HOT SUBHUMID (DRY) ECO-REGION,89.5,30.13,97.89,94.13,43.59,42.37,Deep Black soils (with shallow and medium Black Soils as inclusion),[None],CENTRAL HIGHLANDS (MALWA AND BUNDELKHAND)  HOT SUBHUMID (DRY) ECO-REGION,82.17,16.19,94.41,21.12,25.42,41.11,Deep Black soils (with shallow and medium Black Soils as inclusion),[None],CENTRAL HIGHLANDS (MALWA AND BUNDELKHAND)  HOT SUBHUMID (DRY) ECO-REGION,81.16,19.31,97.89,94.13,5.98,24.1,Deep Black soils (with shallow and medium Black Soils as inclusion),[None],CENTRAL HIGHLANDS (MALWA AND BUNDELKHAND)  HOT SUBHUMID (DRY) ECO-REGION,84.93,25.91,94.41,21.12,43.94,45.45,Deep Black soils (with shallow and medium Black Soils as inclusion),[None],CENTRAL HIGHLANDS (MALWA AND BUNDELKHAND)  HOT SUBHUMID (DRY) ECO-REGION,88.45,25.78,93.25,88.04,35.0,37.54,Deep Black soils (with shallow and medium Black Soils as inclusion),[None],CENTRAL HIGHLANDS (MALWA AND BUNDELKHAND)  HOT SUBHUMID (DRY) ECO-REGION,91.01,26.15,0.97,28.7473021301605,43.84588250556406,Average,0.680718046212343,3.15,1044000,2
4562395119619000,MADHYA PRADESH,CENTRAL,M,VIDISHA,464001,VIDISHA,Ambar,M,"23.6069674,77.9429697",Permanent Address,parental,11,32727.2727272727,33600,15.0,Average,Gulabganj,14.9,13.1,33.44921507901788,Poor,2246.31,23.23 /30.74,Average,63.91,15.49 /28.61,1141.05,23.32 /30.2,191.84,15.24 /28.83,94.58,15.56 /27.71,3.29,5.08,98.42,2.78,6.77,36.34,65.14,8.45,1106.56,899.58,81.3,67.54,43.2,40.12,37.68,Deep Black soils (with shallow and medium Black Soils as inclusion),[None],CENTRAL HIGHLANDS (MALWA AND BUNDELKHAND)  HOT SUBHUMID (DRY) ECO-REGION,102.29,29.85,92.06,73.14,38.32,38.1,Deep Black soils (with shallow and medium Black Soils as inclusion),[None],CENTRAL HIGHLANDS (MALWA AND BUNDELKHAND)  HOT SUBHUMID (DRY) ECO-REGION,95.79,16.84,91.51,48.36,20.22,38.89,Deep Black soils (with shallow and medium Black Soils as inclusion),[None],CENTRAL HIGHLANDS (MALWA AND BUNDELKHAND)  HOT SUBHUMID (DRY) ECO-REGION,94.68,17.7,92.06,73.14,17.86,27.39,Deep Black soils (with shallow and medium Black Soils as inclusion),[None],CENTRAL HIGHLANDS (MALWA AND BUNDELKHAND)  HOT SUBHUMID (DRY) ECO-REGION,99.34,29.9,91.51,48.36,39.39,41.37,Deep Black soils (with shallow and medium Black Soils as inclusion),[None],CENTRAL HIGHLANDS (MALWA AND BUNDELKHAND)  HOT SUBHUMID (DRY) ECO-REGION,99.99,26.48,91.41,59.6,24.35,30.71,Deep Black soils (with shallow and medium Black Soils as inclusion),[None],CENTRAL HIGHLANDS (MALWA AND BUNDELKHAND)  HOT SUBHUMID (DRY) ECO-REGION,100.95,25.95,0.95,22.3321560060599,33.44921507901788,Poor,1.95978388741231,0.0,1250000,2
9897734373781470,MAHARASHTRA,WEST,M,BHUM,413504,OSMANABAD,Antarwali,S,"18.2217236,75.9646938",Permanent Address,parental,1,10000.0,0,6.0,Poor,Shevgaon,15.5,41.8,33.11088852879013,Poor,1057.19,22.38 /29.15,Poor,64.33,18.59 /30.6,781.28,22.2 /29.16,122.98,19.03 /31.17,80.6,19.32 /30.44,0.86,16.1,96.8,3.64,71.12,42.73,71.2,0.37,672.66,538.67,80.08,53.23,52.91,15.81,22.35,Shallow Black Soils (with medium and deep Black Soils as  inclusion),[None],DECCAN PLATU  HOT SEMI-ARID ECO-REGION,99.05,27.45,25.51,22.66,0.33,6.55,Shallow Black Soils (with medium and deep Black Soils as  inclusion),[None],DECCAN PLATU  HOT SEMI-ARID ECO-REGION,96.77,17.08,92.5,85.74,28.45,45.1,Shallow Black Soils (with medium and deep Black Soils as  inclusion),[None],DECCAN PLATU  HOT SEMI-ARID ECO-REGION,95.13,24.33,25.51,22.66,41.09,23.65,Shallow Black Soils (with medium and deep Black Soils as  inclusion),[None],DECCAN PLATU  HOT SEMI-ARID ECO-REGION,95.09,23.36,92.5,85.74,46.78,43.64,Shallow Black Soils (with medium and deep Black Soils as  inclusion),[None],DECCAN PLATU  HOT SEMI-ARID ECO-REGION,100.02,28.7,89.11,56.92,21.81,28.14,Shallow Black Soils (with medium and deep Black Soils as  inclusion),[None],DECCAN PLATU  HOT SEMI-ARID ECO-REGION,96.58,23.93,0.96,22.1233954322791,33.11088852879013,Poor,0.263999568716245,0.0,700000,2
6627102969209340,UTTAR PRADESH,NORTH,M,BHADOHI,221406,SANT RAVIDAS NAGAR BHADOHI,Ajaypur,S,"25.4092915,82.460198",Permanent Address,parental,0,,600000,3.0,Poor,Lashkar,5.3,1.2,42.02163480776959,Poor,1157.56,25.1 /32.59,Poor,152.64,14.85 /27.42,634.64,25.56 /33.08,135.74,15.08 /28.51,226.99,14.69 /26.25,,,,,,,,,688.55,37.95,5.51,42.48,47.63,3.92,12.93,Mixed Red and Black Soils,[None],NORTHERN PLAIN (AND CENTRAL HIGHLANDS) INCLUDING ARAVALLIS  HOT SEMI-ARID EGO-REGION,63.0,11.62,2.46,2.59,13.65,7.0,Mixed Red and Black Soils,[None],NORTHERN PLAIN (AND CENTRAL HIGHLANDS) INCLUDING ARAVALLIS  HOT SEMI-ARID EGO-REGION,62.28,7.78,42.16,46.45,6.44,17.75,Mixed Red and Black Soils,[None],NORTHERN PLAIN (AND CENTRAL HIGHLANDS) INCLUDING ARAVALLIS  HOT SEMI-ARID EGO-REGION,58.12,4.61,2.46,2.59,6.53,3.32,Mixed Red and Black Soils,[None],NORTHERN PLAIN (AND CENTRAL HIGHLANDS) INCLUDING ARAVALLIS  HOT SEMI-ARID EGO-REGION,63.76,13.88,42.16,46.45,10.22,14.94,Mixed Red and Black Soils,[None],NORTHERN PLAIN (AND CENTRAL HIGHLANDS) INCLUDING ARAVALLIS  HOT SEMI-ARID EGO-REGION,60.8,8.94,42.45,0.93,8.49,11.75,Mixed Red and Black Soils,[None],NORTHERN PLAIN (AND CENTRAL HIGHLANDS) INCLUDING ARAVALLIS  HOT SEMI-ARID EGO-REGION,63.46,9.9,0.94,27.6216707073428,42.02163480776959,Poor,0.028534692772715,0.0,800000,2
6812417550485800,UTTAR PRADESH,NORTH,F,BHADOHI,221406,SANT RAVIDAS NAGAR BHADOHI,Ajaypur,M,"25.4597862,82.4249976",Permanent Address,parental,0,,740000,2.0,Poor,Lashkar,5.3,1.2,42.02163480776959,Poor,1157.56,25.1 /32.59,Poor,152.64,14.85 /27.42,634.64,25.56 /33.08,135.74,15.08 /28.51,226.99,14.69 /26.25,,,,,,,,,688.55,37.95,5.51,42.48,47.63,3.92,12.93,Mixed Red and Black Soils,[None],NORTHERN PLAIN (AND CENTRAL HIGHLANDS) INCLUDING ARAVALLIS  HOT SEMI-ARID EGO-REGION,63.0,11.62,2.46,2.59,13.65,7.0,Mixed Red and Black Soils,[None],NORTHERN PLAIN (AND CENTRAL HIGHLANDS) INCLUDING ARAVALLIS  HOT SEMI-ARID EGO-REGION,62.28,7.78,42.16,46.45,6.44,17.75,Mixed Red and Black Soils,[None],NORTHERN PLAIN (AND CENTRAL HIGHLANDS) INCLUDING ARAVALLIS  HOT SEMI-ARID EGO-REGION,58.12,4.61,2.46,2.59,6.53,3.32,Mixed Red and Black Soils,[None],NORTHERN PLAIN (AND CENTRAL HIGHLANDS) INCLUDING ARAVALLIS  HOT SEMI-ARID EGO-REGION,63.76,13.88,42.16,46.45,10.22,14.94,Mixed Red and Black Soils,[None],NORTHERN PLAIN (AND CENTRAL HIGHLANDS) INCLUDING ARAVALLIS  HOT SEMI-ARID EGO-REGION,60.8,8.94,42.45,0.93,8.49,11.75,Mixed Red and Black Soils,[None],NORTHERN PLAIN (AND CENTRAL HIGHLANDS) INCLUDING ARAVALLIS  HOT SEMI-ARID EGO-REGION,63.46,9.9,0.94,27.6216707073428,42.02163480776959,Poor,0.028534692772715,0.0,800000,3
7057983464307310,UTTAR PRADESH,NORTH,M,BHADOHI,221406,SANT RAVIDAS NAGAR BHADOHI,Ajaypur,M,"25.3828433,82.60364",Permanent Address,parental,0,,561000,3.0,Poor,Lashkar,5.3,1.2,42.02163480776959,Poor,1157.56,25.1 /32.59,Poor,152.64,14.85 /27.42,634.64,25.56 /33.08,135.74,15.08 /28.51,226.99,14.69 /26.25,,,,,,,,,688.55,37.95,5.51,42.48,47.63,3.92,12.93,Mixed Red and Black Soils,[None],NORTHERN PLAIN (AND CENTRAL HIGHLANDS) INCLUDING ARAVALLIS  HOT SEMI-ARID EGO-REGION,63.0,11.62,2.46,2.59,13.65,7.0,Mixed Red and Black Soils,[None],NORTHERN PLAIN (AND CENTRAL HIGHLANDS) INCLUDING ARAVALLIS  HOT SEMI-ARID EGO-REGION,62.28,7.78,42.16,46.45,6.44,17.75,Mixed Red and Black Soils,[None],NORTHERN PLAIN (AND CENTRAL HIGHLANDS) INCLUDING ARAVALLIS  HOT SEMI-ARID EGO-REGION,58.12,4.61,2.46,2.59,6.53,3.32,Mixed Red and Black Soils,[None],NORTHERN PLAIN (AND CENTRAL HIGHLANDS) INCLUDING ARAVALLIS  HOT SEMI-ARID EGO-REGION,63.76,13.88,42.16,46.45,10.22,14.94,Mixed Red and Black Soils,[None],NORTHERN PLAIN (AND CENTRAL HIGHLANDS) INCLUDING ARAVALLIS  HOT SEMI-ARID EGO-REGION,60.8,8.94,42.45,0.93,8.49,11.75,Mixed Red and Black Soils,[None],NORTHERN PLAIN (AND CENTRAL HIGHLANDS) INCLUDING ARAVALLIS  HOT SEMI-ARID EGO-REGION,63.46,9.9,0.94,27.6216707073428,42.02163480776959,Poor,0.028534692772715,0.0,800000,2
1917002790728000,UTTAR PRADESH,NORTH,M,BHADOHI,221406,SANT RAVIDAS NAGAR BHADOHI,Ajaypur,M,"25.4444591,82.4655543",Permanent Address,parental,0,,625000,2.0,Poor,Lashkar,5.3,1.2,42.02163480776959,Poor,1157.56,25.1 /32.59,Poor,152.64,14.85 /27.42,634.64,25.56 /33.08,135.74,15.08 /28.51,226.99,14.69 /26.25,,,,,,,,,688.55,37.95,5.51,42.48,47.63,3.92,12.93,Mixed Red and Black Soils,[None],NORTHERN PLAIN (AND CENTRAL HIGHLANDS) INCLUDING ARAVALLIS  HOT SEMI-ARID EGO-REGION,63.0,11.62,2.46,2.59,13.65,7.0,Mixed Red and Black Soils,[None],NORTHERN PLAIN (AND CENTRAL HIGHLANDS) INCLUDING ARAVALLIS  HOT SEMI-ARID EGO-REGION,62.28,7.78,42.16,46.45,6.44,17.75,Mixed Red and Black Soils,[None],NORTHERN PLAIN (AND CENTRAL HIGHLANDS) INCLUDING ARAVALLIS  HOT SEMI-ARID EGO-REGION,58.12,4.61,2.46,2.59,6.53,3.32,Mixed Red and Black Soils,[None],NORTHERN PLAIN (AND CENTRAL HIGHLANDS) INCLUDING ARAVALLIS  HOT SEMI-ARID EGO-REGION,63.76,13.88,42.16,46.45,10.22,14.94,Mixed Red and Black Soils,[None],NORTHERN PLAIN (AND CENTRAL HIGHLANDS) INCLUDING ARAVALLIS  HOT SEMI-ARID EGO-REGION,60.8,8.94,42.45,0.93,8.49,11.75,Mixed Red and Black Soils,[None],NORTHERN PLAIN (AND CENTRAL HIGHLANDS) INCLUDING ARAVALLIS  HOT SEMI-ARID EGO-REGION,63.46,9.9,0.94,27.6216707073428,42.02163480776959,Poor,0.028534692772715,0.0,800000,3
1885446783538590,UTTAR PRADESH,NORTH,M,BHADOHI,221406,SANT RAVIDAS NAGAR BHADOHI,Ajaypur,M,"25.3830424,82.6036932",Permanent Address,parental,0,,630000,2.0,Poor,Lashkar,5.3,1.2,42.02163480776959,Poor,1157.56,25.1 /32.59,Poor,152.64,14.85 /27.42,634.64,25.56 /33.08,135.74,15.08 /28.51,226.99,14.69 /26.25,,,,,,,,,688.55,37.95,5.51,42.48,47.63,3.92,12.93,Mixed Red and Black Soils,[None],NORTHERN PLAIN (AND CENTRAL HIGHLANDS) INCLUDING ARAVALLIS  HOT SEMI-ARID EGO-REGION,63.0,11.62,2.46,2.59,13.65,7.0,Mixed Red and Black Soils,[None],NORTHERN PLAIN (AND CENTRAL HIGHLANDS) INCLUDING ARAVALLIS  HOT SEMI-ARID EGO-REGION,62.28,7.78,42.16,46.45,6.44,17.75,Mixed Red and Black Soils,[None],NORTHERN PLAIN (AND CENTRAL HIGHLANDS) INCLUDING ARAVALLIS  HOT SEMI-ARID EGO-REGION,58.12,4.61,2.46,2.59,6.53,3.32,Mixed Red and Black Soils,[None],NORTHERN PLAIN (AND CENTRAL HIGHLANDS) INCLUDING ARAVALLIS  HOT SEMI-ARID EGO-REGION,63.76,13.88,42.16,46.45,10.22,14.94,Mixed Red and Black Soils,[None],NORTHERN PLAIN (AND CENTRAL HIGHLANDS) INCLUDING ARAVALLIS  HOT SEMI-ARID EGO-REGION,60.8,8.94,42.45,0.93,8.49,11.75,Mixed Red and Black Soils,[None],NORTHERN PLAIN (AND CENTRAL HIGHLANDS) INCLUDING ARAVALLIS  HOT SEMI-ARID EGO-REGION,63.46,9.9,0.94,27.6216707073428,42.02163480776959,Poor,0.028534692772715,0.0,800000,3
3206212776235400,HARYANA,NORTH,M,CHARKHI DADRI,127306,CHARKHI DADRI,Dadri,M,"28.5723956,76.3052475",Current Address,parental,1,82589.0,100000,6.0,Poor,Ch. Dadri,2.8,0.0,49.6938406021466,Good,818.55,24.84 /33.6,Poor,114.73,13.1 /26.68,886.0,25.39 /34.2,206.98,12.28 /26.38,430.23,12.6 /25.05,5.31,3.1,99.51,20.63,1.39,88.47,90.39,9.5,3645.3,1584.68,43.47,75.62,79.94,19.71,32.89,Desert (saline) Soils,['water'],"WESTERN PLAIN  KACHCHH AND PART OF KATHIAWAR PENINSULA, HOT ARID ECO-REGION",36.23,8.44,69.9,57.5,18.83,26.66,Desert (saline) Soils,['water'],"WESTERN PLAIN  KACHCHH AND PART OF KATHIAWAR PENINSULA, HOT ARID ECO-REGION",35.52,4.36,54.08,56.93,21.01,32.49,Desert (saline) Soils,['water'],"WESTERN PLAIN  KACHCHH AND PART OF KATHIAWAR PENINSULA, HOT ARID ECO-REGION",32.62,2.8,69.9,57.5,12.42,22.86,Desert (saline) Soils,['water'],"WESTERN PLAIN  KACHCHH AND PART OF KATHIAWAR PENINSULA, HOT ARID ECO-REGION",34.76,6.89,54.08,56.93,11.28,22.76,Desert (saline) Soils,['water'],"WESTERN PLAIN  KACHCHH AND PART OF KATHIAWAR PENINSULA, HOT ARID ECO-REGION",34.15,4.47,72.18,52.23,10.81,23.11,Desert (saline) Soils,['water'],"WESTERN PLAIN  KACHCHH AND PART OF KATHIAWAR PENINSULA, HOT ARID ECO-REGION",34.11,1.96,0.94,32.3557185753576,49.6938406021466,Good,0.177261632836602,4.98,640000,6
6743758375182720,HARYANA,NORTH,M,CHARKHI DADRI,127306,CHARKHI DADRI,Dadri,M,"28.5962111,76.2885037",Current Address,parental,2,193189.5,100000,6.0,Poor,Ch. Dadri,2.8,0.0,49.6938406021466,Good,818.55,24.84 /33.6,Poor,114.73,13.1 /26.68,886.0,25.39 /34.2,206.98,12.28 /26.38,430.23,12.6 /25.05,5.31,3.1,99.51,20.63,1.39,88.47,90.39,9.5,3645.3,1584.68,43.47,75.62,79.94,19.71,32.89,Desert (saline) Soils,['water'],"WESTERN PLAIN  KACHCHH AND PART OF KATHIAWAR PENINSULA, HOT ARID ECO-REGION",36.23,8.44,69.9,57.5,18.83,26.66,Desert (saline) Soils,['water'],"WESTERN PLAIN  KACHCHH AND PART OF KATHIAWAR PENINSULA, HOT ARID ECO-REGION",35.52,4.36,54.08,56.93,21.01,32.49,Desert (saline) Soils,['water'],"WESTERN PLAIN  KACHCHH AND PART OF KATHIAWAR PENINSULA, HOT ARID ECO-REGION",32.62,2.8,69.9,57.5,12.42,22.86,Desert (saline) Soils,['water'],"WESTERN PLAIN  KACHCHH AND PART OF KATHIAWAR PENINSULA, HOT ARID ECO-REGION",34.76,6.89,54.08,56.93,11.28,22.76,Desert (saline) Soils,['water'],"WESTERN PLAIN  KACHCHH AND PART OF KATHIAWAR PENINSULA, HOT ARID ECO-REGION",34.15,4.47,72.18,52.23,10.81,23.11,Desert (saline) Soils,['water'],"WESTERN PLAIN  KACHCHH AND PART OF KATHIAWAR PENINSULA, HOT ARID ECO-REGION",34.11,1.96,0.94,32.3557185753576,49.6938406021466,Good,0.177261632836602,4.98,640000,6
1793383736445360,HARYANA,NORTH,M,CHARKHI DADRI,127306,CHARKHI DADRI,Dadri,M,"28.5961315,76.288387",Current Address,parental,0,,100000,6.0,Poor,Ch. Dadri,2.8,0.0,49.6938406021466,Good,818.55,24.84 /33.6,Poor,114.73,13.1 /26.68,886.0,25.39 /34.2,206.98,12.28 /26.38,430.23,12.6 /25.05,5.31,3.1,99.51,20.63,1.39,88.47,90.39,9.5,3645.3,1584.68,43.47,75.62,79.94,19.71,32.89,Desert (saline) Soils,['water'],"WESTERN PLAIN  KACHCHH AND PART OF KATHIAWAR PENINSULA, HOT ARID ECO-REGION",36.23,8.44,69.9,57.5,18.83,26.66,Desert (saline) Soils,['water'],"WESTERN PLAIN  KACHCHH AND PART OF KATHIAWAR PENINSULA, HOT ARID ECO-REGION",35.52,4.36,54.08,56.93,21.01,32.49,Desert (saline) Soils,['water'],"WESTERN PLAIN  KACHCHH AND PART OF KATHIAWAR PENINSULA, HOT ARID ECO-REGION",32.62,2.8,69.9,57.5,12.42,22.86,Desert (saline) Soils,['water'],"WESTERN PLAIN  KACHCHH AND PART OF KATHIAWAR PENINSULA, HOT ARID ECO-REGION",34.76,6.89,54.08,56.93,11.28,22.76,Desert (saline) Soils,['water'],"WESTERN PLAIN  KACHCHH AND PART OF KATHIAWAR PENINSULA, HOT ARID ECO-REGION",34.15,4.47,72.18,52.23,10.81,23.11,Desert (saline) Soils,['water'],"WESTERN PLAIN  KACHCHH AND PART OF KATHIAWAR PENINSULA, HOT ARID ECO-REGION",34.11,1.96,0.94,32.3557185753576,49.6938406021466,Good,0.177261632836602,4.98,640000,6
3868678784887100,HARYANA,NORTH,M,CHARKHI DADRI,127306,CHARKHI DADRI,Dadri,S,"28.5933402,76.2837885",Current Address,parental,0,,100000,6.0,Poor,Ch. Dadri,2.8,0.0,49.6938406021466,Good,818.55,24.84 /33.6,Poor,114.73,13.1 /26.68,886.0,25.39 /34.2,206.98,12.28 /26.38,430.23,12.6 /25.05,5.31,3.1,99.51,20.63,1.39,88.47,90.39,9.5,3645.3,1584.68,43.47,75.62,79.94,19.71,32.89,Desert (saline) Soils,['water'],"WESTERN PLAIN  KACHCHH AND PART OF KATHIAWAR PENINSULA, HOT ARID ECO-REGION",36.23,8.44,69.9,57.5,18.83,26.66,Desert (saline) Soils,['water'],"WESTERN PLAIN  KACHCHH AND PART OF KATHIAWAR PENINSULA, HOT ARID ECO-REGION",35.52,4.36,54.08,56.93,21.01,32.49,Desert (saline) Soils,['water'],"WESTERN PLAIN  KACHCHH AND PART OF KATHIAWAR PENINSULA, HOT ARID ECO-REGION",32.62,2.8,69.9,57.5,12.42,22.86,Desert (saline) Soils,['water'],"WESTERN PLAIN  KACHCHH AND PART OF KATHIAWAR PENINSULA, HOT ARID ECO-REGION",34.76,6.89,54.08,56.93,11.28,22.76,Desert (saline) Soils,['water'],"WESTERN PLAIN  KACHCHH AND PART OF KATHIAWAR PENINSULA, HOT ARID ECO-REGION",34.15,4.47,72.18,52.23,10.81,23.11,Desert (saline) Soils,['water'],"WESTERN PLAIN  KACHCHH AND PART OF KATHIAWAR PENINSULA, HOT ARID ECO-REGION",34.11,1.96,0.94,32.3557185753576,49.6938406021466,Good,0.177261632836602,4.98,640000,6
1550493214804180,HARYANA,NORTH,M,CHARKHI DADRI,127306,CHARKHI DADRI,Dadri,M,"28.6401581,76.2309903",Current Address,parental,3,450666.666666666,100000,6.0,Poor,Ch. Dadri,2.8,0.0,49.6938406021466,Good,818.55,24.84 /33.6,Poor,114.73,13.1 /26.68,886.0,25.39 /34.2,206.98,12.28 /26.38,430.23,12.6 /25.05,5.31,3.1,99.51,20.63,1.39,88.47,90.39,9.5,3645.3,1584.68,43.47,75.62,79.94,19.71,32.89,Desert (saline) Soils,['water'],"WESTERN PLAIN  KACHCHH AND PART OF KATHIAWAR PENINSULA, HOT ARID ECO-REGION",36.23,8.44,69.9,57.5,18.83,26.66,Desert (saline) Soils,['water'],"WESTERN PLAIN  KACHCHH AND PART OF KATHIAWAR PENINSULA, HOT ARID ECO-REGION",35.52,4.36,54.08,56.93,21.01,32.49,Desert (saline) Soils,['water'],"WESTERN PLAIN  KACHCHH AND PART OF KATHIAWAR PENINSULA, HOT ARID ECO-REGION",32.62,2.8,69.9,57.5,12.42,22.86,Desert (saline) Soils,['water'],"WESTERN PLAIN  KACHCHH AND PART OF KATHIAWAR PENINSULA, HOT ARID ECO-REGION",34.76,6.89,54.08,56.93,11.28,22.76,Desert (saline) Soils,['water'],"WESTERN PLAIN  KACHCHH AND PART OF KATHIAWAR PENINSULA, HOT ARID ECO-REGION",34.15,4.47,72.18,52.23,10.81,23.11,Desert (saline) Soils,['water'],"WESTERN PLAIN  KACHCHH AND PART OF KATHIAWAR PENINSULA, HOT ARID ECO-REGION",34.11,1.96,0.94,32.3557185753576,49.6938406021466,Good,0.177261632836602,4.98,640000,6
4660860129543960,HARYANA,NORTH,M,CHARKHI DADRI,127306,CHARKHI DADRI,Dadri,M,"28.5720865,76.3050144",Current Address,parental,2,1588525.0,100000,6.0,Poor,Ch. Dadri,2.8,0.0,49.6938406021466,Good,818.55,24.84 /33.6,Poor,114.73,13.1 /26.68,886.0,25.39 /34.2,206.98,12.28 /26.38,430.23,12.6 /25.05,5.31,3.1,99.51,20.63,1.39,88.47,90.39,9.5,3645.3,1584.68,43.47,75.62,79.94,19.71,32.89,Desert (saline) Soils,['water'],"WESTERN PLAIN  KACHCHH AND PART OF KATHIAWAR PENINSULA, HOT ARID ECO-REGION",36.23,8.44,69.9,57.5,18.83,26.66,Desert (saline) Soils,['water'],"WESTERN PLAIN  KACHCHH AND PART OF KATHIAWAR PENINSULA, HOT ARID ECO-REGION",35.52,4.36,54.08,56.93,21.01,32.49,Desert (saline) Soils,['water'],"WESTERN PLAIN  KACHCHH AND PART OF KATHIAWAR PENINSULA, HOT ARID ECO-REGION",32.62,2.8,69.9,57.5,12.42,22.86,Desert (saline) Soils,['water'],"WESTERN PLAIN  KACHCHH AND PART OF KATHIAWAR PENINSULA, HOT ARID ECO-REGION",34.76,6.89,54.08,56.93,11.28,22.76,Desert (saline) Soils,['water'],"WESTERN PLAIN  KACHCHH AND PART OF KATHIAWAR PENINSULA, HOT ARID ECO-REGION",34.15,4.47,72.18,52.23,10.81,23.11,Desert (saline) Soils,['water'],"WESTERN PLAIN  KACHCHH AND PART OF KATHIAWAR PENINSULA, HOT ARID ECO-REGION",34.11,1.96,0.94,32.3557185753576,49.6938406021466,Good,0.177261632836602,4.98,640000,6
3568605696332030,MADHYA PRADESH,CENTRAL,M,JATARA,472118,TIKAMGARH,Bagoura,M,"24.7654478,78.8337001",Permanent Address,parental,1,17499.0,0,5.0,Poor,Jatara,2.9,22.0,44.35635804008676,Average,1430.3,24.54 /31.86,Poor,130.58,14.8 /27.69,966.67,24.95 /32.2,228.4,15.53 /29.29,114.44,15.11 /26.7,3.47,5.33,99.59,7.09,1.55,57.28,57.63,2.58,392.72,287.75,73.27,40.76,61.16,31.65,25.52,Mixed Red and Black Soils,['water'],CENTRAL HIGHLANDS (MALWA AND BUNDELKHAND)  HOT SUBHUMID (DRY) ECO-REGION,75.25,25.43,68.98,53.53,24.41,25.43,Mixed Red and Black Soils,['water'],CENTRAL HIGHLANDS (MALWA AND BUNDELKHAND)  HOT SUBHUMID (DRY) ECO-REGION,73.99,14.22,66.0,56.55,28.83,35.25,Mixed Red and Black Soils,['water'],CENTRAL HIGHLANDS (MALWA AND BUNDELKHAND)  HOT SUBHUMID (DRY) ECO-REGION,72.06,14.38,68.98,53.53,38.73,30.12,Mixed Red and Black Soils,['water'],CENTRAL HIGHLANDS (MALWA AND BUNDELKHAND)  HOT SUBHUMID (DRY) ECO-REGION,73.38,23.78,66.0,56.55,9.77,21.52,Mixed Red and Black Soils,['water'],CENTRAL HIGHLANDS (MALWA AND BUNDELKHAND)  HOT SUBHUMID (DRY) ECO-REGION,72.84,19.61,54.62,65.13,28.83,24.07,Mixed Red and Black Soils,['water'],CENTRAL HIGHLANDS (MALWA AND BUNDELKHAND)  HOT SUBHUMID (DRY) ECO-REGION,76.49,21.82,0.97,29.062285288935,44.35635804008676,Average,0.0742249266778961,0.0,500000,2
6482241026440700,MADHYA PRADESH,CENTRAL,M,JATARA,472339,TIKAMGARH,Bachhoda Bhata,M,"24.7477613,78.840695",Permanent Address,parental,2,220000.0,0,6.0,Average,Jatara,11.6,17.3,36.61538597941669,Poor,1430.3,24.54 /31.86,Poor,130.58,14.8 /27.69,966.67,24.95 /32.2,228.4,15.53 /29.29,114.44,15.11 /26.7,2.78,5.38,99.6,6.08,0.71,57.6,57.23,2.34,941.98,438.48,46.55,57.33,55.33,52.31,39.24,Mixed Red and Black Soils,[None],CENTRAL HIGHLANDS (MALWA AND BUNDELKHAND)  HOT SUBHUMID (DRY) ECO-REGION,75.25,25.43,36.88,65.08,5.35,10.93,Mixed Red and Black Soils,[None],CENTRAL HIGHLANDS (MALWA AND BUNDELKHAND)  HOT SUBHUMID (DRY) ECO-REGION,73.99,14.22,32.57,35.1,7.88,16.08,Mixed Red and Black Soils,[None],CENTRAL HIGHLANDS (MALWA AND BUNDELKHAND)  HOT SUBHUMID (DRY) ECO-REGION,72.06,14.38,36.88,65.08,9.09,12.04,Mixed Red and Black Soils,[None],CENTRAL HIGHLANDS (MALWA AND BUNDELKHAND)  HOT SUBHUMID (DRY) ECO-REGION,73.38,23.78,32.57,35.1,2.28,10.47,Mixed Red and Black Soils,[None],CENTRAL HIGHLANDS (MALWA AND BUNDELKHAND)  HOT SUBHUMID (DRY) ECO-REGION,72.84,19.61,28.09,45.99,7.88,10.29,Mixed Red and Black Soils,[None],CENTRAL HIGHLANDS (MALWA AND BUNDELKHAND)  HOT SUBHUMID (DRY) ECO-REGION,76.49,21.82,0.92,24.2858059735554,36.61538597941669,Poor,0.467089214380826,0.0,600000,3
5847119214782690,MADHYA PRADESH,CENTRAL,M,JATARA,472339,TIKAMGARH,Bachhoda Bhata,M,"24.8262454,79.1483001",Permanent Address,parental,1,50000.0,0,6.0,Average,Jatara,11.6,17.3,36.61538597941669,Poor,1430.3,24.54 /31.86,Poor,130.58,14.8 /27.69,966.67,24.95 /32.2,228.4,15.53 /29.29,114.44,15.11 /26.7,2.78,5.38,99.6,6.08,0.71,57.6,57.23,2.34,941.98,438.48,46.55,57.33,55.33,52.31,39.24,Mixed Red and Black Soils,[None],CENTRAL HIGHLANDS (MALWA AND BUNDELKHAND)  HOT SUBHUMID (DRY) ECO-REGION,75.25,25.43,36.88,65.08,5.35,10.93,Mixed Red and Black Soils,[None],CENTRAL HIGHLANDS (MALWA AND BUNDELKHAND)  HOT SUBHUMID (DRY) ECO-REGION,73.99,14.22,32.57,35.1,7.88,16.08,Mixed Red and Black Soils,[None],CENTRAL HIGHLANDS (MALWA AND BUNDELKHAND)  HOT SUBHUMID (DRY) ECO-REGION,72.06,14.38,36.88,65.08,9.09,12.04,Mixed Red and Black Soils,[None],CENTRAL HIGHLANDS (MALWA AND BUNDELKHAND)  HOT SUBHUMID (DRY) ECO-REGION,73.38,23.78,32.57,35.1,2.28,10.47,Mixed Red and Black Soils,[None],CENTRAL HIGHLANDS (MALWA AND BUNDELKHAND)  HOT SUBHUMID (DRY) ECO-REGION,72.84,19.61,28.09,45.99,7.88,10.29,Mixed Red and Black Soils,[None],CENTRAL HIGHLANDS (MALWA AND BUNDELKHAND)  HOT SUBHUMID (DRY) ECO-REGION,76.49,21.82,0.92,24.2858059735554,36.61538597941669,Poor,0.467089214380826,0.0,600000,3
1291857844103650,MADHYA PRADESH,CENTRAL,M,JATARA,472221,TIKAMGARH,Deoraha,M,"25.0200695,79.2321047",Permanent Address,parental,1,13990.0,0,5.0,Poor,Jatara,3.8,12.7,44.30509943978695,Average,1430.3,24.54 /31.86,Poor,130.58,14.8 /27.69,966.67,24.95 /32.2,228.4,15.53 /29.29,114.44,15.11 /26.7,4.4,5.37,99.64,9.29,0.1,61.3,56.83,3.38,1159.13,790.92,68.23,52.34,61.62,12.91,21.61,Mixed Red and Black Soils,[None],CENTRAL HIGHLANDS (MALWA AND BUNDELKHAND)  HOT SUBHUMID (DRY) ECO-REGION,75.25,25.43,66.42,76.95,14.54,21.83,Mixed Red and Black Soils,[None],CENTRAL HIGHLANDS (MALWA AND BUNDELKHAND)  HOT SUBHUMID (DRY) ECO-REGION,73.99,14.22,74.06,78.27,16.76,35.34,Mixed Red and Black Soils,[None],CENTRAL HIGHLANDS (MALWA AND BUNDELKHAND)  HOT SUBHUMID (DRY) ECO-REGION,72.06,14.38,66.42,76.95,23.93,24.84,Mixed Red and Black Soils,[None],CENTRAL HIGHLANDS (MALWA AND BUNDELKHAND)  HOT SUBHUMID (DRY) ECO-REGION,73.38,23.78,74.06,78.27,6.32,23.68,Mixed Red and Black Soils,[None],CENTRAL HIGHLANDS (MALWA AND BUNDELKHAND)  HOT SUBHUMID (DRY) ECO-REGION,72.84,19.61,59.26,75.04,16.76,21.21,Mixed Red and Black Soils,[None],CENTRAL HIGHLANDS (MALWA AND BUNDELKHAND)  HOT SUBHUMID (DRY) ECO-REGION,76.49,21.82,0.96,29.0306567489857,44.30509943978695,Average,0.155254045650484,0.0,500000,3
6558624248399100,MADHYA PRADESH,CENTRAL,F,JATARA,472221,TIKAMGARH,Deoraha,M,"24.7712325,78.8329513",Permanent Address,parental,3,558066.666666666,0,5.0,Poor,Jatara,3.8,12.7,44.30509943978695,Average,1430.3,24.54 /31.86,Poor,130.58,14.8 /27.69,966.67,24.95 /32.2,228.4,15.53 /29.29,114.44,15.11 /26.7,4.4,5.37,99.64,9.29,0.1,61.3,56.83,3.38,1159.13,790.92,68.23,52.34,61.62,12.91,21.61,Mixed Red and Black Soils,[None],CENTRAL HIGHLANDS (MALWA AND BUNDELKHAND)  HOT SUBHUMID (DRY) ECO-REGION,75.25,25.43,66.42,76.95,14.54,21.83,Mixed Red and Black Soils,[None],CENTRAL HIGHLANDS (MALWA AND BUNDELKHAND)  HOT SUBHUMID (DRY) ECO-REGION,73.99,14.22,74.06,78.27,16.76,35.34,Mixed Red and Black Soils,[None],CENTRAL HIGHLANDS (MALWA AND BUNDELKHAND)  HOT SUBHUMID (DRY) ECO-REGION,72.06,14.38,66.42,76.95,23.93,24.84,Mixed Red and Black Soils,[None],CENTRAL HIGHLANDS (MALWA AND BUNDELKHAND)  HOT SUBHUMID (DRY) ECO-REGION,73.38,23.78,74.06,78.27,6.32,23.68,Mixed Red and Black Soils,[None],CENTRAL HIGHLANDS (MALWA AND BUNDELKHAND)  HOT SUBHUMID (DRY) ECO-REGION,72.84,19.61,59.26,75.04,16.76,21.21,Mixed Red and Black Soils,[None],CENTRAL HIGHLANDS (MALWA AND BUNDELKHAND)  HOT SUBHUMID (DRY) ECO-REGION,76.49,21.82,0.96,29.0306567489857,44.30509943978695,Average,0.155254045650484,0.0,500000,3
3308739079246310,MADHYA PRADESH,CENTRAL,M,JATARA,472118,TIKAMGARH,Bagoura,M,"24.7467884,78.8429628",Permanent Address,parental,6,241852.833333333,0,6.0,Poor,Jatara,2.9,22.0,44.35635804008676,Average,1430.3,24.54 /31.86,Poor,130.58,14.8 /27.69,966.67,24.95 /32.2,228.4,15.53 /29.29,114.44,15.11 /26.7,3.47,5.33,99.59,7.09,1.55,57.28,57.63,2.58,392.72,287.75,73.27,40.76,61.16,31.65,25.52,Mixed Red and Black Soils,['water'],CENTRAL HIGHLANDS (MALWA AND BUNDELKHAND)  HOT SUBHUMID (DRY) ECO-REGION,75.25,25.43,68.98,53.53,24.41,25.43,Mixed Red and Black Soils,['water'],CENTRAL HIGHLANDS (MALWA AND BUNDELKHAND)  HOT SUBHUMID (DRY) ECO-REGION,73.99,14.22,66.0,56.55,28.83,35.25,Mixed Red and Black Soils,['water'],CENTRAL HIGHLANDS (MALWA AND BUNDELKHAND)  HOT SUBHUMID (DRY) ECO-REGION,72.06,14.38,68.98,53.53,38.73,30.12,Mixed Red and Black Soils,['water'],CENTRAL HIGHLANDS (MALWA AND BUNDELKHAND)  HOT SUBHUMID (DRY) ECO-REGION,73.38,23.78,66.0,56.55,9.77,21.52,Mixed Red and Black Soils,['water'],CENTRAL HIGHLANDS (MALWA AND BUNDELKHAND)  HOT SUBHUMID (DRY) ECO-REGION,72.84,19.61,54.62,65.13,28.83,24.07,Mixed Red and Black Soils,['water'],CENTRAL HIGHLANDS (MALWA AND BUNDELKHAND)  HOT SUBHUMID (DRY) ECO-REGION,76.49,21.82,0.97,29.062285288935,44.35635804008676,Average,0.0742249266778961,0.0,600000,2
1665805673374680,MADHYA PRADESH,CENTRAL,M,JATARA,472339,TIKAMGARH,Bachhoda Bhata,M,"24.9220618,78.8670796",Permanent Address,parental,0,,0,6.0,Average,Jatara,11.6,17.3,36.61538597941669,Poor,1430.3,24.54 /31.86,Poor,130.58,14.8 /27.69,966.67,24.95 /32.2,228.4,15.53 /29.29,114.44,15.11 /26.7,2.78,5.38,99.6,6.08,0.71,57.6,57.23,2.34,941.98,438.48,46.55,57.33,55.33,52.31,39.24,Mixed Red and Black Soils,[None],CENTRAL HIGHLANDS (MALWA AND BUNDELKHAND)  HOT SUBHUMID (DRY) ECO-REGION,75.25,25.43,36.88,65.08,5.35,10.93,Mixed Red and Black Soils,[None],CENTRAL HIGHLANDS (MALWA AND BUNDELKHAND)  HOT SUBHUMID (DRY) ECO-REGION,73.99,14.22,32.57,35.1,7.88,16.08,Mixed Red and Black Soils,[None],CENTRAL HIGHLANDS (MALWA AND BUNDELKHAND)  HOT SUBHUMID (DRY) ECO-REGION,72.06,14.38,36.88,65.08,9.09,12.04,Mixed Red and Black Soils,[None],CENTRAL HIGHLANDS (MALWA AND BUNDELKHAND)  HOT SUBHUMID (DRY) ECO-REGION,73.38,23.78,32.57,35.1,2.28,10.47,Mixed Red and Black Soils,[None],CENTRAL HIGHLANDS (MALWA AND BUNDELKHAND)  HOT SUBHUMID (DRY) ECO-REGION,72.84,19.61,28.09,45.99,7.88,10.29,Mixed Red and Black Soils,[None],CENTRAL HIGHLANDS (MALWA AND BUNDELKHAND)  HOT SUBHUMID (DRY) ECO-REGION,76.49,21.82,0.92,24.2858059735554,36.61538597941669,Poor,0.467089214380826,0.0,600000,3
3561900605262730,MADHYA PRADESH,CENTRAL,M,JATARA,472118,TIKAMGARH,Bagoura,M,"24.7735008,78.8318486",Permanent Address,parental,1,302000.0,0,5.0,Poor,Jatara,2.9,22.0,44.35635804008676,Average,1430.3,24.54 /31.86,Poor,130.58,14.8 /27.69,966.67,24.95 /32.2,228.4,15.53 /29.29,114.44,15.11 /26.7,3.47,5.33,99.59,7.09,1.55,57.28,57.63,2.58,392.72,287.75,73.27,40.76,61.16,31.65,25.52,Mixed Red and Black Soils,['water'],CENTRAL HIGHLANDS (MALWA AND BUNDELKHAND)  HOT SUBHUMID (DRY) ECO-REGION,75.25,25.43,68.98,53.53,24.41,25.43,Mixed Red and Black Soils,['water'],CENTRAL HIGHLANDS (MALWA AND BUNDELKHAND)  HOT SUBHUMID (DRY) ECO-REGION,73.99,14.22,66.0,56.55,28.83,35.25,Mixed Red and Black Soils,['water'],CENTRAL HIGHLANDS (MALWA AND BUNDELKHAND)  HOT SUBHUMID (DRY) ECO-REGION,72.06,14.38,68.98,53.53,38.73,30.12,Mixed Red and Black Soils,['water'],CENTRAL HIGHLANDS (MALWA AND BUNDELKHAND)  HOT SUBHUMID (DRY) ECO-REGION,73.38,23.78,66.0,56.55,9.77,21.52,Mixed Red and Black Soils,['water'],CENTRAL HIGHLANDS (MALWA AND BUNDELKHAND)  HOT SUBHUMID (DRY) ECO-REGION,72.84,19.61,54.62,65.13,28.83,24.07,Mixed Red and Black Soils,['water'],CENTRAL HIGHLANDS (MALWA AND BUNDELKHAND)  HOT SUBHUMID (DRY) ECO-REGION,76.49,21.82,0.97,29.062285288935,44.35635804008676,Average,0.0742249266778961,0.0,500000,2
8385231007487930,MADHYA PRADESH,CENTRAL,M,JATARA,472118,TIKAMGARH,Bagoura,M,"24.7545797,79.0701814",Permanent Address,parental,0,,0,6.0,Poor,Jatara,2.9,22.0,44.35635804008676,Average,1430.3,24.54 /31.86,Poor,130.58,14.8 /27.69,966.67,24.95 /32.2,228.4,15.53 /29.29,114.44,15.11 /26.7,3.47,5.33,99.59,7.09,1.55,57.28,57.63,2.58,392.72,287.75,73.27,40.76,61.16,31.65,25.52,Mixed Red and Black Soils,['water'],CENTRAL HIGHLANDS (MALWA AND BUNDELKHAND)  HOT SUBHUMID (DRY) ECO-REGION,75.25,25.43,68.98,53.53,24.41,25.43,Mixed Red and Black Soils,['water'],CENTRAL HIGHLANDS (MALWA AND BUNDELKHAND)  HOT SUBHUMID (DRY) ECO-REGION,73.99,14.22,66.0,56.55,28.83,35.25,Mixed Red and Black Soils,['water'],CENTRAL HIGHLANDS (MALWA AND BUNDELKHAND)  HOT SUBHUMID (DRY) ECO-REGION,72.06,14.38,68.98,53.53,38.73,30.12,Mixed Red and Black Soils,['water'],CENTRAL HIGHLANDS (MALWA AND BUNDELKHAND)  HOT SUBHUMID (DRY) ECO-REGION,73.38,23.78,66.0,56.55,9.77,21.52,Mixed Red and Black Soils,['water'],CENTRAL HIGHLANDS (MALWA AND BUNDELKHAND)  HOT SUBHUMID (DRY) ECO-REGION,72.84,19.61,54.62,65.13,28.83,24.07,Mixed Red and Black Soils,['water'],CENTRAL HIGHLANDS (MALWA AND BUNDELKHAND)  HOT SUBHUMID (DRY) ECO-REGION,76.49,21.82,0.97,29.062285288935,44.35635804008676,Average,0.0742249266778961,0.0,600000,2
8517845212369200,MADHYA PRADESH,CENTRAL,M,JATARA,472221,TIKAMGARH,Deoraha,M,"25.0994353,79.1944834",Permanent Address,parental,0,,0,5.0,Poor,Jatara,3.8,12.7,44.30509943978695,Average,1430.3,24.54 /31.86,Poor,130.58,14.8 /27.69,966.67,24.95 /32.2,228.4,15.53 /29.29,114.44,15.11 /26.7,4.4,5.37,99.64,9.29,0.1,61.3,56.83,3.38,1159.13,790.92,68.23,52.34,61.62,12.91,21.61,Mixed Red and Black Soils,[None],CENTRAL HIGHLANDS (MALWA AND BUNDELKHAND)  HOT SUBHUMID (DRY) ECO-REGION,75.25,25.43,66.42,76.95,14.54,21.83,Mixed Red and Black Soils,[None],CENTRAL HIGHLANDS (MALWA AND BUNDELKHAND)  HOT SUBHUMID (DRY) ECO-REGION,73.99,14.22,74.06,78.27,16.76,35.34,Mixed Red and Black Soils,[None],CENTRAL HIGHLANDS (MALWA AND BUNDELKHAND)  HOT SUBHUMID (DRY) ECO-REGION,72.06,14.38,66.42,76.95,23.93,24.84,Mixed Red and Black Soils,[None],CENTRAL HIGHLANDS (MALWA AND BUNDELKHAND)  HOT SUBHUMID (DRY) ECO-REGION,73.38,23.78,74.06,78.27,6.32,23.68,Mixed Red and Black Soils,[None],CENTRAL HIGHLANDS (MALWA AND BUNDELKHAND)  HOT SUBHUMID (DRY) ECO-REGION,72.84,19.61,59.26,75.04,16.76,21.21,Mixed Red and Black Soils,[None],CENTRAL HIGHLANDS (MALWA AND BUNDELKHAND)  HOT SUBHUMID (DRY) ECO-REGION,76.49,21.82,0.96,29.0306567489857,44.30509943978695,Average,0.155254045650484,0.0,500000,3
7133071374126880,UTTAR PRADESH,NORTH,M,FATEHABAD,283111,AGRA,Fatehabad,M,"27.0105915,78.3607406",Permanent Address,parental,1,274437.0,86800,4.0,Average,Fatehabad,0.1,14.9,48.43999693378882,Average,956.85,25.05 /33.79,Poor,155.45,13.13 /26.37,905.69,25.65 /34.38,177.62,12.6 /26.17,487.37,12.57 /24.59,3.17,3.5,99.1,12.15,2.96,82.9,70.8,9.18,3769.37,2665.179,70.71,91.29,27.9,18.07,37.51,Desert (saline) Soils,['water'],"WESTERN PLAIN  KACHCHH AND PART OF KATHIAWAR PENINSULA, HOT ARID ECO-REGION",53.77,7.82,35.79,41.29,15.35,20.25,Desert (saline) Soils,['water'],"WESTERN PLAIN  KACHCHH AND PART OF KATHIAWAR PENINSULA, HOT ARID ECO-REGION",50.65,2.28,72.76,82.73,7.22,35.13,Desert (saline) Soils,['water'],"WESTERN PLAIN  KACHCHH AND PART OF KATHIAWAR PENINSULA, HOT ARID ECO-REGION",50.36,1.11,35.79,41.29,11.65,17.86,Desert (saline) Soils,['water'],"WESTERN PLAIN  KACHCHH AND PART OF KATHIAWAR PENINSULA, HOT ARID ECO-REGION",51.92,5.27,72.76,82.73,18.48,32.09,Desert (saline) Soils,['water'],"WESTERN PLAIN  KACHCHH AND PART OF KATHIAWAR PENINSULA, HOT ARID ECO-REGION",50.57,2.66,35.79,41.29,11.65,18.25,Desert (saline) Soils,['water'],"WESTERN PLAIN  KACHCHH AND PART OF KATHIAWAR PENINSULA, HOT ARID ECO-REGION",50.49,1.26,0.97,31.5820485117413,48.43999693378882,Average,0.4477956094769,3.85,1000000,2
5988109673748680,UTTAR PRADESH,NORTH,M,MATHURA,281004,MATHURA,Bati,M,"27.5372922,77.600094",Permanent Address,parental,0,,300000,3.0,Poor,Barikpur,17.0,7.2,32.08794563244123,Poor,1422.38,25.75 /31.22,Poor,209.43,19.6 /28.58,1255.61,25.79 /30.81,299.34,20.02 /30.27,524.98,19.43 /27.89,4.01,6.4,98.2,8.58,2.4,89.75,71.2,4.78,693.23,494.05,71.27,22.6,29.61,9.27,11.41,Red and lateritic Soils,[None],EASTERN PLATEAU (CHHOTANAGPUR) AND EASTERN GHATS  HOT SUBHUMID ECO-REGION,67.8,39.17,30.32,0.18,5.29,9.56,Red and lateritic Soils,[None],EASTERN PLATEAU (CHHOTANAGPUR) AND EASTERN GHATS  HOT SUBHUMID ECO-REGION,67.03,35.69,87.63,5.39,11.55,29.11,Red and lateritic Soils,[None],EASTERN PLATEAU (CHHOTANAGPUR) AND EASTERN GHATS  HOT SUBHUMID ECO-REGION,60.5,35.76,30.32,0.18,11.83,12.07,Red and lateritic Soils,[None],EASTERN PLATEAU (CHHOTANAGPUR) AND EASTERN GHATS  HOT SUBHUMID ECO-REGION,68.61,34.99,87.63,5.39,28.77,34.92,Red and lateritic Soils,[None],EASTERN PLATEAU (CHHOTANAGPUR) AND EASTERN GHATS  HOT SUBHUMID ECO-REGION,69.4,31.9,75.7,45.42,43.89,34.97,Red and lateritic Soils,[None],EASTERN PLATEAU (CHHOTANAGPUR) AND EASTERN GHATS  HOT SUBHUMID ECO-REGION,63.03,32.67,0.77,21.4922000802057,32.08794563244123,Poor,1.84809037519171,5.67,750000,2
8762093653860020,UTTAR PRADESH,NORTH,M,AGRA,282005,AGRA,Agra,M,"27.2274866,78.0176076",Permanent Address,parental,0,,143400,4.0,Poor,Berasia,15.6,34.4,32.73763415636809,Poor,1982.23,23.17 /30.5,Poor,63.15,15.61 /28.28,1359.47,23.22 /29.98,213.24,15.81 /29.14,83.32,15.53 /27.35,4.2,3.5,99.1,2.89,3.1,86.8,70.8,0.98,494.11,69.44,14.05,61.45,53.99,6.49,19.01,Deep Black soils (with shallow and medium Black Soils as inclusion),[None],CENTRAL HIGHLANDS (MALWA AND BUNDELKHAND)  HOT SUBHUMID (DRY) ECO-REGION,97.22,28.6,54.49,45.83,9.26,14.95,Deep Black soils (with shallow and medium Black Soils as inclusion),[None],CENTRAL HIGHLANDS (MALWA AND BUNDELKHAND)  HOT SUBHUMID (DRY) ECO-REGION,92.12,18.05,74.27,78.17,7.85,29.42,Deep Black soils (with shallow and medium Black Soils as inclusion),[None],CENTRAL HIGHLANDS (MALWA AND BUNDELKHAND)  HOT SUBHUMID (DRY) ECO-REGION,90.45,16.82,54.49,45.83,5.21,12.65,Deep Black soils (with shallow and medium Black Soils as inclusion),[None],CENTRAL HIGHLANDS (MALWA AND BUNDELKHAND)  HOT SUBHUMID (DRY) ECO-REGION,95.89,31.29,8.21,29.89,1.69,3.45,Mixed Red and Black Soils,[None],NORTHERN PLAIN (AND CENTRAL HIGHLANDS) INCLUDING ARAVALLIS  HOT SEMI-ARID EGO-REGION,65.08,15.9,41.66,50.09,5.38,10.74,Deep Black soils (with shallow and medium Black Soils as inclusion),[None],CENTRAL HIGHLANDS (MALWA AND BUNDELKHAND)  HOT SUBHUMID (DRY) ECO-REGION,97.54,27.0,0.92,21.8930830405955,32.73763415636809,Poor,0.0935861669294734,0.0,600000,5
6431720853886090,UTTAR PRADESH,NORTH,M,ETMADPUR,283201,AGRA,Khanda,M,"27.2292238,78.2266002",Both Addresses,parental,1,0.0,300000,3.0,Poor,Nabarangpur(Umerkote),4.9,15.0,42.86545861257904,Average,1457.31,22.42 /28.71,Poor,315.43,18.01 /28.85,895.02,22.33 /28.34,132.7,18.33 /30.45,232.82,18.09 /28.62,3.42,3.5,99.1,13.39,2.15,88.6,70.8,7.52,894.38,442.84,49.51,54.93,43.69,6.03,18.14,Red and lateritic Soils,[None],EASTERN PLATEAU (CHHOTANAGPUR) AND EASTERN GHATS  HOT SUBHUMID ECO-REGION,90.25,44.16,42.15,14.81,14.96,16.24,Red and lateritic Soils,[None],EASTERN PLATEAU (CHHOTANAGPUR) AND EASTERN GHATS  HOT SUBHUMID ECO-REGION,78.63,24.6,70.62,5.17,9.74,23.85,Red and lateritic Soils,[None],EASTERN PLATEAU (CHHOTANAGPUR) AND EASTERN GHATS  HOT SUBHUMID ECO-REGION,77.05,34.55,42.15,14.81,34.54,23.73,Red and lateritic Soils,[None],EASTERN PLATEAU (CHHOTANAGPUR) AND EASTERN GHATS  HOT SUBHUMID ECO-REGION,80.98,35.39,70.62,5.17,11.54,23.67,Red and lateritic Soils,[None],EASTERN PLATEAU (CHHOTANAGPUR) AND EASTERN GHATS  HOT SUBHUMID ECO-REGION,90.37,37.86,70.62,69.86,49.03,36.29,Red and lateritic Soils,[None],EASTERN PLATEAU (CHHOTANAGPUR) AND EASTERN GHATS  HOT SUBHUMID ECO-REGION,86.73,39.25,0.93,28.142342648529,42.86545861257904,Average,0.362941957480289,4.44,600000,2
2779914022634800,UTTAR PRADESH,NORTH,M,AGRA,282001,AGRA,Agra,S,"27.1929029,77.9568277",Both Addresses,parental,0,,300000,4.0,Poor,Berasia,15.6,34.4,32.73763415636809,Poor,1982.23,23.17 /30.5,Poor,63.15,15.61 /28.28,1359.47,23.22 /29.98,213.24,15.81 /29.14,83.32,15.53 /27.35,4.22,3.5,99.1,2.89,3.08,86.81,70.8,0.98,494.11,69.44,14.05,61.45,53.99,6.49,19.01,Deep Black soils (with shallow and medium Black Soils as inclusion),[None],CENTRAL HIGHLANDS (MALWA AND BUNDELKHAND)  HOT SUBHUMID (DRY) ECO-REGION,97.22,28.6,54.49,45.83,9.26,14.95,Deep Black soils (with shallow and medium Black Soils as inclusion),[None],CENTRAL HIGHLANDS (MALWA AND BUNDELKHAND)  HOT SUBHUMID (DRY) ECO-REGION,92.12,18.05,74.27,78.17,7.85,29.42,Deep Black soils (with shallow and medium Black Soils as inclusion),[None],CENTRAL HIGHLANDS (MALWA AND BUNDELKHAND)  HOT SUBHUMID (DRY) ECO-REGION,90.45,16.82,54.49,45.83,5.21,12.65,Deep Black soils (with shallow and medium Black Soils as inclusion),[None],CENTRAL HIGHLANDS (MALWA AND BUNDELKHAND)  HOT SUBHUMID (DRY) ECO-REGION,95.89,31.29,8.21,29.89,1.69,3.45,Mixed Red and Black Soils,[None],NORTHERN PLAIN (AND CENTRAL HIGHLANDS) INCLUDING ARAVALLIS  HOT SEMI-ARID EGO-REGION,65.08,15.9,41.66,50.09,5.38,10.74,Deep Black soils (with shallow and medium Black Soils as inclusion),[None],CENTRAL HIGHLANDS (MALWA AND BUNDELKHAND)  HOT SUBHUMID (DRY) ECO-REGION,97.54,27.0,0.92,21.8930830405955,32.73763415636809,Poor,0.0935861669294734,0.0,600000,5
8082768997834040,UTTAR PRADESH,NORTH,M,AGRA,282006,AGRA,Agra,S,"27.0730411,77.9872479",Both Addresses,parental,0,,300000,2.0,Poor,Berasia,15.6,34.4,32.73763415636809,Poor,1982.23,23.17 /30.5,Poor,63.15,15.61 /28.28,1359.47,23.22 /29.98,213.24,15.81 /29.14,83.32,15.53 /27.35,3.76,3.5,99.13,8.46,2.36,87.98,71.33,4.48,494.11,69.44,14.05,61.45,53.99,6.49,19.01,Deep Black soils (with shallow and medium Black Soils as inclusion),[None],CENTRAL HIGHLANDS (MALWA AND BUNDELKHAND)  HOT SUBHUMID (DRY) ECO-REGION,97.22,28.6,54.49,45.83,9.26,14.95,Deep Black soils (with shallow and medium Black Soils as inclusion),[None],CENTRAL HIGHLANDS (MALWA AND BUNDELKHAND)  HOT SUBHUMID (DRY) ECO-REGION,92.12,18.05,74.27,78.17,7.85,29.42,Deep Black soils (with shallow and medium Black Soils as inclusion),[None],CENTRAL HIGHLANDS (MALWA AND BUNDELKHAND)  HOT SUBHUMID (DRY) ECO-REGION,90.45,16.82,54.49,45.83,5.21,12.65,Deep Black soils (with shallow and medium Black Soils as inclusion),[None],CENTRAL HIGHLANDS (MALWA AND BUNDELKHAND)  HOT SUBHUMID (DRY) ECO-REGION,95.89,31.29,8.21,29.89,1.69,3.45,Mixed Red and Black Soils,[None],NORTHERN PLAIN (AND CENTRAL HIGHLANDS) INCLUDING ARAVALLIS  HOT SEMI-ARID EGO-REGION,65.08,15.9,41.66,50.09,5.38,10.74,Deep Black soils (with shallow and medium Black Soils as inclusion),[None],CENTRAL HIGHLANDS (MALWA AND BUNDELKHAND)  HOT SUBHUMID (DRY) ECO-REGION,97.54,27.0,0.92,21.8930830405955,32.73763415636809,Poor,0.0935861669294734,0.0,700000,3
7936213541713450,UTTAR PRADESH,NORTH,M,AGRA,282006,AGRA,Agra,M,"27.1585457,78.119624",Permanent Address,parental,0,,143400,4.0,Poor,Berasia,15.6,34.4,32.73763415636809,Poor,1982.23,23.17 /30.5,Poor,63.15,15.61 /28.28,1359.47,23.22 /29.98,213.24,15.81 /29.14,83.32,15.53 /27.35,3.76,3.5,99.13,8.46,2.36,87.98,71.33,4.48,494.11,69.44,14.05,61.45,53.99,6.49,19.01,Deep Black soils (with shallow and medium Black Soils as inclusion),[None],CENTRAL HIGHLANDS (MALWA AND BUNDELKHAND)  HOT SUBHUMID (DRY) ECO-REGION,97.22,28.6,54.49,45.83,9.26,14.95,Deep Black soils (with shallow and medium Black Soils as inclusion),[None],CENTRAL HIGHLANDS (MALWA AND BUNDELKHAND)  HOT SUBHUMID (DRY) ECO-REGION,92.12,18.05,74.27,78.17,7.85,29.42,Deep Black soils (with shallow and medium Black Soils as inclusion),[None],CENTRAL HIGHLANDS (MALWA AND BUNDELKHAND)  HOT SUBHUMID (DRY) ECO-REGION,90.45,16.82,54.49,45.83,5.21,12.65,Deep Black soils (with shallow and medium Black Soils as inclusion),[None],CENTRAL HIGHLANDS (MALWA AND BUNDELKHAND)  HOT SUBHUMID (DRY) ECO-REGION,95.89,31.29,8.21,29.89,1.69,3.45,Mixed Red and Black Soils,[None],NORTHERN PLAIN (AND CENTRAL HIGHLANDS) INCLUDING ARAVALLIS  HOT SEMI-ARID EGO-REGION,65.08,15.9,41.66,50.09,5.38,10.74,Deep Black soils (with shallow and medium Black Soils as inclusion),[None],CENTRAL HIGHLANDS (MALWA AND BUNDELKHAND)  HOT SUBHUMID (DRY) ECO-REGION,97.54,27.0,0.92,21.8930830405955,32.73763415636809,Poor,0.0935861669294734,0.0,600000,5
7999652175644550,UTTAR PRADESH,NORTH,M,AGRA,282006,AGRA,Agra,M,"27.1741059,78.1294846",Both Addresses,parental,0,,300000,4.0,Poor,Berasia,15.6,34.4,32.73763415636809,Poor,1982.23,23.17 /30.5,Poor,63.15,15.61 /28.28,1359.47,23.22 /29.98,213.24,15.81 /29.14,83.32,15.53 /27.35,3.76,3.5,99.13,8.46,2.36,87.98,71.33,4.48,494.11,69.44,14.05,61.45,53.99,6.49,19.01,Deep Black soils (with shallow and medium Black Soils as inclusion),[None],CENTRAL HIGHLANDS (MALWA AND BUNDELKHAND)  HOT SUBHUMID (DRY) ECO-REGION,97.22,28.6,54.49,45.83,9.26,14.95,Deep Black soils (with shallow and medium Black Soils as inclusion),[None],CENTRAL HIGHLANDS (MALWA AND BUNDELKHAND)  HOT SUBHUMID (DRY) ECO-REGION,92.12,18.05,74.27,78.17,7.85,29.42,Deep Black soils (with shallow and medium Black Soils as inclusion),[None],CENTRAL HIGHLANDS (MALWA AND BUNDELKHAND)  HOT SUBHUMID (DRY) ECO-REGION,90.45,16.82,54.49,45.83,5.21,12.65,Deep Black soils (with shallow and medium Black Soils as inclusion),[None],CENTRAL HIGHLANDS (MALWA AND BUNDELKHAND)  HOT SUBHUMID (DRY) ECO-REGION,95.89,31.29,8.21,29.89,1.69,3.45,Mixed Red and Black Soils,[None],NORTHERN PLAIN (AND CENTRAL HIGHLANDS) INCLUDING ARAVALLIS  HOT SEMI-ARID EGO-REGION,65.08,15.9,41.66,50.09,5.38,10.74,Deep Black soils (with shallow and medium Black Soils as inclusion),[None],CENTRAL HIGHLANDS (MALWA AND BUNDELKHAND)  HOT SUBHUMID (DRY) ECO-REGION,97.54,27.0,0.92,21.8930830405955,32.73763415636809,Poor,0.0935861669294734,0.0,600000,5
6271017870520200,UTTAR PRADESH,NORTH,M,AGRA,282006,AGRA,Agra,M,"27.2351804,78.0486463",Both Addresses,parental,1,6992.0,300000,2.0,Poor,Berasia,15.6,34.4,32.73763415636809,Poor,1982.23,23.17 /30.5,Poor,63.15,15.61 /28.28,1359.47,23.22 /29.98,213.24,15.81 /29.14,83.32,15.53 /27.35,3.76,3.5,99.13,8.46,2.36,87.98,71.33,4.48,494.11,69.44,14.05,61.45,53.99,6.49,19.01,Deep Black soils (with shallow and medium Black Soils as inclusion),[None],CENTRAL HIGHLANDS (MALWA AND BUNDELKHAND)  HOT SUBHUMID (DRY) ECO-REGION,97.22,28.6,54.49,45.83,9.26,14.95,Deep Black soils (with shallow and medium Black Soils as inclusion),[None],CENTRAL HIGHLANDS (MALWA AND BUNDELKHAND)  HOT SUBHUMID (DRY) ECO-REGION,92.12,18.05,74.27,78.17,7.85,29.42,Deep Black soils (with shallow and medium Black Soils as inclusion),[None],CENTRAL HIGHLANDS (MALWA AND BUNDELKHAND)  HOT SUBHUMID (DRY) ECO-REGION,90.45,16.82,54.49,45.83,5.21,12.65,Deep Black soils (with shallow and medium Black Soils as inclusion),[None],CENTRAL HIGHLANDS (MALWA AND BUNDELKHAND)  HOT SUBHUMID (DRY) ECO-REGION,95.89,31.29,8.21,29.89,1.69,3.45,Mixed Red and Black Soils,[None],NORTHERN PLAIN (AND CENTRAL HIGHLANDS) INCLUDING ARAVALLIS  HOT SEMI-ARID EGO-REGION,65.08,15.9,41.66,50.09,5.38,10.74,Deep Black soils (with shallow and medium Black Soils as inclusion),[None],CENTRAL HIGHLANDS (MALWA AND BUNDELKHAND)  HOT SUBHUMID (DRY) ECO-REGION,97.54,27.0,0.92,21.8930830405955,32.73763415636809,Poor,0.0935861669294734,0.0,700000,3
2417539487235010,UTTAR PRADESH,NORTH,M,ETMADPUR,283201,AGRA,Khanda,M,"27.0727526,77.9922658",Both Addresses,parental,5,16997.4,300000,4.0,Poor,Nabarangpur(Umerkote),4.9,15.0,42.86545861257904,Average,1457.31,22.42 /28.71,Poor,315.43,18.01 /28.85,895.02,22.33 /28.34,132.7,18.33 /30.45,232.82,18.09 /28.62,3.42,3.5,99.1,13.39,2.15,88.6,70.8,7.52,894.38,442.84,49.51,54.93,43.69,6.03,18.14,Red and lateritic Soils,[None],EASTERN PLATEAU (CHHOTANAGPUR) AND EASTERN GHATS  HOT SUBHUMID ECO-REGION,90.25,44.16,42.15,14.81,14.96,16.24,Red and lateritic Soils,[None],EASTERN PLATEAU (CHHOTANAGPUR) AND EASTERN GHATS  HOT SUBHUMID ECO-REGION,78.63,24.6,70.62,5.17,9.74,23.85,Red and lateritic Soils,[None],EASTERN PLATEAU (CHHOTANAGPUR) AND EASTERN GHATS  HOT SUBHUMID ECO-REGION,77.05,34.55,42.15,14.81,34.54,23.73,Red and lateritic Soils,[None],EASTERN PLATEAU (CHHOTANAGPUR) AND EASTERN GHATS  HOT SUBHUMID ECO-REGION,80.98,35.39,70.62,5.17,11.54,23.67,Red and lateritic Soils,[None],EASTERN PLATEAU (CHHOTANAGPUR) AND EASTERN GHATS  HOT SUBHUMID ECO-REGION,90.37,37.86,70.62,69.86,49.03,36.29,Red and lateritic Soils,[None],EASTERN PLATEAU (CHHOTANAGPUR) AND EASTERN GHATS  HOT SUBHUMID ECO-REGION,86.73,39.25,0.93,28.142342648529,42.86545861257904,Average,0.362941957480289,4.44,700000,2
8798432635575270,UTTAR PRADESH,NORTH,M,MATHURA,281004,MATHURA,Bati,M,"27.5407316,77.6024375",Permanent Address,parental,0,,300000,3.0,Poor,Barikpur,17.0,7.2,32.08794563244123,Poor,1422.38,25.75 /31.22,Poor,209.43,19.6 /28.58,1255.61,25.79 /30.81,299.34,20.02 /30.27,524.98,19.43 /27.89,4.01,6.4,98.2,8.58,2.4,89.75,71.2,4.78,693.23,494.05,71.27,22.6,29.61,9.27,11.41,Red and lateritic Soils,[None],EASTERN PLATEAU (CHHOTANAGPUR) AND EASTERN GHATS  HOT SUBHUMID ECO-REGION,67.8,39.17,30.32,0.18,5.29,9.56,Red and lateritic Soils,[None],EASTERN PLATEAU (CHHOTANAGPUR) AND EASTERN GHATS  HOT SUBHUMID ECO-REGION,67.03,35.69,87.63,5.39,11.55,29.11,Red and lateritic Soils,[None],EASTERN PLATEAU (CHHOTANAGPUR) AND EASTERN GHATS  HOT SUBHUMID ECO-REGION,60.5,35.76,30.32,0.18,11.83,12.07,Red and lateritic Soils,[None],EASTERN PLATEAU (CHHOTANAGPUR) AND EASTERN GHATS  HOT SUBHUMID ECO-REGION,68.61,34.99,87.63,5.39,28.77,34.92,Red and lateritic Soils,[None],EASTERN PLATEAU (CHHOTANAGPUR) AND EASTERN GHATS  HOT SUBHUMID ECO-REGION,69.4,31.9,75.7,45.42,43.89,34.97,Red and lateritic Soils,[None],EASTERN PLATEAU (CHHOTANAGPUR) AND EASTERN GHATS  HOT SUBHUMID ECO-REGION,63.03,32.67,0.77,21.4922000802057,32.08794563244123,Poor,1.84809037519171,5.67,750000,2
2417539487235010,UTTAR PRADESH,NORTH,M,ETMADPUR,283201,AGRA,Khanda,M,"27.3560409,78.1535979",Both Addresses,parental,5,16997.4,300000,4.0,Poor,Nabarangpur(Umerkote),4.9,15.0,42.86545861257904,Average,1457.31,22.42 /28.71,Poor,315.43,18.01 /28.85,895.02,22.33 /28.34,132.7,18.33 /30.45,232.82,18.09 /28.62,3.42,3.5,99.1,13.39,2.15,88.6,70.8,7.52,894.38,442.84,49.51,54.93,43.69,6.03,18.14,Red and lateritic Soils,[None],EASTERN PLATEAU (CHHOTANAGPUR) AND EASTERN GHATS  HOT SUBHUMID ECO-REGION,90.25,44.16,42.15,14.81,14.96,16.24,Red and lateritic Soils,[None],EASTERN PLATEAU (CHHOTANAGPUR) AND EASTERN GHATS  HOT SUBHUMID ECO-REGION,78.63,24.6,70.62,5.17,9.74,23.85,Red and lateritic Soils,[None],EASTERN PLATEAU (CHHOTANAGPUR) AND EASTERN GHATS  HOT SUBHUMID ECO-REGION,77.05,34.55,42.15,14.81,34.54,23.73,Red and lateritic Soils,[None],EASTERN PLATEAU (CHHOTANAGPUR) AND EASTERN GHATS  HOT SUBHUMID ECO-REGION,80.98,35.39,70.62,5.17,11.54,23.67,Red and lateritic Soils,[None],EASTERN PLATEAU (CHHOTANAGPUR) AND EASTERN GHATS  HOT SUBHUMID ECO-REGION,90.37,37.86,70.62,69.86,49.03,36.29,Red and lateritic Soils,[None],EASTERN PLATEAU (CHHOTANAGPUR) AND EASTERN GHATS  HOT SUBHUMID ECO-REGION,86.73,39.25,0.93,28.142342648529,42.86545861257904,Average,0.362941957480289,4.44,700000,2
9530957585788840,UTTAR PRADESH,NORTH,M,FATEHABAD,283111,AGRA,Fatehabad,M,"26.9992174,78.2241637",Permanent Address,parental,0,,86800,4.0,Average,Fatehabad,0.1,14.9,48.43999693378882,Average,956.85,25.05 /33.79,Poor,155.45,13.13 /26.37,905.69,25.65 /34.38,177.62,12.6 /26.17,487.37,12.57 /24.59,3.17,3.5,99.1,12.15,2.96,82.9,70.8,9.18,3769.37,2665.179,70.71,91.29,27.9,18.07,37.51,Desert (saline) Soils,['water'],"WESTERN PLAIN  KACHCHH AND PART OF KATHIAWAR PENINSULA, HOT ARID ECO-REGION",53.77,7.82,35.79,41.29,15.35,20.25,Desert (saline) Soils,['water'],"WESTERN PLAIN  KACHCHH AND PART OF KATHIAWAR PENINSULA, HOT ARID ECO-REGION",50.65,2.28,72.76,82.73,7.22,35.13,Desert (saline) Soils,['water'],"WESTERN PLAIN  KACHCHH AND PART OF KATHIAWAR PENINSULA, HOT ARID ECO-REGION",50.36,1.11,35.79,41.29,11.65,17.86,Desert (saline) Soils,['water'],"WESTERN PLAIN  KACHCHH AND PART OF KATHIAWAR PENINSULA, HOT ARID ECO-REGION",51.92,5.27,72.76,82.73,18.48,32.09,Desert (saline) Soils,['water'],"WESTERN PLAIN  KACHCHH AND PART OF KATHIAWAR PENINSULA, HOT ARID ECO-REGION",50.57,2.66,35.79,41.29,11.65,18.25,Desert (saline) Soils,['water'],"WESTERN PLAIN  KACHCHH AND PART OF KATHIAWAR PENINSULA, HOT ARID ECO-REGION",50.49,1.26,0.97,31.5820485117413,48.43999693378882,Average,0.4477956094769,3.85,1000000,2
6243422802483430,UTTAR PRADESH,NORTH,M,AGRA,282009,AGRA,Agra,M,"27.0726528,77.9926891",Both Addresses,parental,0,,300000,2.0,Poor,Berasia,15.6,34.4,32.73763415636809,Poor,1982.23,23.17 /30.5,Poor,63.15,15.61 /28.28,1359.47,23.22 /29.98,213.24,15.81 /29.14,83.32,15.53 /27.35,3.93,3.5,99.1,5.3,3.14,85.75,70.8,2.96,494.11,69.44,14.05,61.45,53.99,6.49,19.01,Deep Black soils (with shallow and medium Black Soils as inclusion),[None],CENTRAL HIGHLANDS (MALWA AND BUNDELKHAND)  HOT SUBHUMID (DRY) ECO-REGION,97.22,28.6,54.49,45.83,9.26,14.95,Deep Black soils (with shallow and medium Black Soils as inclusion),[None],CENTRAL HIGHLANDS (MALWA AND BUNDELKHAND)  HOT SUBHUMID (DRY) ECO-REGION,92.12,18.05,74.27,78.17,7.85,29.42,Deep Black soils (with shallow and medium Black Soils as inclusion),[None],CENTRAL HIGHLANDS (MALWA AND BUNDELKHAND)  HOT SUBHUMID (DRY) ECO-REGION,90.45,16.82,54.49,45.83,5.21,12.65,Deep Black soils (with shallow and medium Black Soils as inclusion),[None],CENTRAL HIGHLANDS (MALWA AND BUNDELKHAND)  HOT SUBHUMID (DRY) ECO-REGION,95.89,31.29,8.21,29.89,1.69,3.45,Mixed Red and Black Soils,[None],NORTHERN PLAIN (AND CENTRAL HIGHLANDS) INCLUDING ARAVALLIS  HOT SEMI-ARID EGO-REGION,65.08,15.9,41.66,50.09,5.38,10.74,Deep Black soils (with shallow and medium Black Soils as inclusion),[None],CENTRAL HIGHLANDS (MALWA AND BUNDELKHAND)  HOT SUBHUMID (DRY) ECO-REGION,97.54,27.0,0.92,21.8930830405955,32.73763415636809,Poor,0.0935861669294734,0.0,700000,3
6715257952170710,UTTAR PRADESH,NORTH,M,ETMADPUR,283201,AGRA,Khanda,M,"27.3412513,78.141281",Both Addresses,parental,0,,300000,3.0,Poor,Nabarangpur(Umerkote),4.9,15.0,42.86545861257904,Average,1457.31,22.42 /28.71,Poor,315.43,18.01 /28.85,895.02,22.33 /28.34,132.7,18.33 /30.45,232.82,18.09 /28.62,3.42,3.5,99.1,13.39,2.15,88.6,70.8,7.52,894.38,442.84,49.51,54.93,43.69,6.03,18.14,Red and lateritic Soils,[None],EASTERN PLATEAU (CHHOTANAGPUR) AND EASTERN GHATS  HOT SUBHUMID ECO-REGION,90.25,44.16,42.15,14.81,14.96,16.24,Red and lateritic Soils,[None],EASTERN PLATEAU (CHHOTANAGPUR) AND EASTERN GHATS  HOT SUBHUMID ECO-REGION,78.63,24.6,70.62,5.17,9.74,23.85,Red and lateritic Soils,[None],EASTERN PLATEAU (CHHOTANAGPUR) AND EASTERN GHATS  HOT SUBHUMID ECO-REGION,77.05,34.55,42.15,14.81,34.54,23.73,Red and lateritic Soils,[None],EASTERN PLATEAU (CHHOTANAGPUR) AND EASTERN GHATS  HOT SUBHUMID ECO-REGION,80.98,35.39,70.62,5.17,11.54,23.67,Red and lateritic Soils,[None],EASTERN PLATEAU (CHHOTANAGPUR) AND EASTERN GHATS  HOT SUBHUMID ECO-REGION,90.37,37.86,70.62,69.86,49.03,36.29,Red and lateritic Soils,[None],EASTERN PLATEAU (CHHOTANAGPUR) AND EASTERN GHATS  HOT SUBHUMID ECO-REGION,86.73,39.25,0.93,28.142342648529,42.86545861257904,Average,0.362941957480289,4.44,600000,2
8799315095537290,UTTAR PRADESH,NORTH,M,AGRA,282001,AGRA,Agra,S,"27.0921593,78.079051",Permanent Address,parental,0,,400000,6.0,Poor,Berasia,15.6,34.4,32.73763415636809,Poor,1982.23,23.17 /30.5,Poor,63.15,15.61 /28.28,1359.47,23.22 /29.98,213.24,15.81 /29.14,83.32,15.53 /27.35,4.22,3.5,99.1,2.89,3.08,86.81,70.8,0.98,494.11,69.44,14.05,61.45,53.99,6.49,19.01,Deep Black soils (with shallow and medium Black Soils as inclusion),[None],CENTRAL HIGHLANDS (MALWA AND BUNDELKHAND)  HOT SUBHUMID (DRY) ECO-REGION,97.22,28.6,54.49,45.83,9.26,14.95,Deep Black soils (with shallow and medium Black Soils as inclusion),[None],CENTRAL HIGHLANDS (MALWA AND BUNDELKHAND)  HOT SUBHUMID (DRY) ECO-REGION,92.12,18.05,74.27,78.17,7.85,29.42,Deep Black soils (with shallow and medium Black Soils as inclusion),[None],CENTRAL HIGHLANDS (MALWA AND BUNDELKHAND)  HOT SUBHUMID (DRY) ECO-REGION,90.45,16.82,54.49,45.83,5.21,12.65,Deep Black soils (with shallow and medium Black Soils as inclusion),[None],CENTRAL HIGHLANDS (MALWA AND BUNDELKHAND)  HOT SUBHUMID (DRY) ECO-REGION,95.89,31.29,8.21,29.89,1.69,3.45,Mixed Red and Black Soils,[None],NORTHERN PLAIN (AND CENTRAL HIGHLANDS) INCLUDING ARAVALLIS  HOT SEMI-ARID EGO-REGION,65.08,15.9,41.66,50.09,5.38,10.74,Deep Black soils (with shallow and medium Black Soils as inclusion),[None],CENTRAL HIGHLANDS (MALWA AND BUNDELKHAND)  HOT SUBHUMID (DRY) ECO-REGION,97.54,27.0,0.92,21.8930830405955,32.73763415636809,Poor,0.0935861669294734,0.0,700000,2
2066976427867000,UTTAR PRADESH,NORTH,M,MAINPURI,205247,MAINPURI,Sugaon,M,"27.1248888,79.1626776",Permanent Address,parental,0,,200000,6.0,Poor,Indapur,5.0,12.3,42.30070499614614,Average,923.7,22.28 /28.86,Poor,85.13,20.55 /31.46,629.52,22.15 /28.75,73.17,20.87 /32.03,142.04,21.1 /31.45,2.79,3.99,95.24,11.0,2.14,75.84,63.31,3.8,1035.39,96.58,9.33,25.62,72.44,3.04,8.58,Shallow Black Soils (with medium and deep Black Soils as  inclusion),['water'],DECCAN PLATU  HOT SEMI-ARID ECO-REGION,96.86,26.78,15.99,2.47,45.29,24.57,Shallow Black Soils (with medium and deep Black Soils as  inclusion),['water'],DECCAN PLATU  HOT SEMI-ARID ECO-REGION,95.14,16.76,81.04,20.95,29.8,35.75,Shallow Black Soils (with medium and deep Black Soils as  inclusion),['water'],DECCAN PLATU  HOT SEMI-ARID ECO-REGION,93.86,25.63,15.99,2.47,31.62,16.61,Shallow Black Soils (with medium and deep Black Soils as  inclusion),['water'],DECCAN PLATU  HOT SEMI-ARID ECO-REGION,95.24,22.26,80.76,9.68,21.32,30.35,Shallow Black Soils (with medium and deep Black Soils as  inclusion),[None],DECCAN PLATU  HOT SEMI-ARID ECO-REGION,100.24,35.54,92.98,12.27,30.17,30.87,Shallow Black Soils (with medium and deep Black Soils as  inclusion),['water'],DECCAN PLATU  HOT SEMI-ARID ECO-REGION,92.79,21.91,0.9,27.7938678128061,42.30070499614614,Average,0.0808464687220097,0.0,600000,2
8829276348063920,UTTAR PRADESH,NORTH,M,AGRA,282007,AGRA,Agra,M,"27.1915505,77.9445874",Permanent Address,parental,0,,143400,4.0,Poor,Berasia,15.6,34.4,32.73763415636809,Poor,1982.23,23.17 /30.5,Poor,63.15,15.61 /28.28,1359.47,23.22 /29.98,213.24,15.81 /29.14,83.32,15.53 /27.35,4.13,3.5,99.1,4.02,2.99,82.93,70.8,3.52,494.11,69.44,14.05,61.45,53.99,6.49,19.01,Deep Black soils (with shallow and medium Black Soils as inclusion),[None],CENTRAL HIGHLANDS (MALWA AND BUNDELKHAND)  HOT SUBHUMID (DRY) ECO-REGION,97.22,28.6,54.49,45.83,9.26,14.95,Deep Black soils (with shallow and medium Black Soils as inclusion),[None],CENTRAL HIGHLANDS (MALWA AND BUNDELKHAND)  HOT SUBHUMID (DRY) ECO-REGION,92.12,18.05,74.27,78.17,7.85,29.42,Deep Black soils (with shallow and medium Black Soils as inclusion),[None],CENTRAL HIGHLANDS (MALWA AND BUNDELKHAND)  HOT SUBHUMID (DRY) ECO-REGION,90.45,16.82,54.49,45.83,5.21,12.65,Deep Black soils (with shallow and medium Black Soils as inclusion),[None],CENTRAL HIGHLANDS (MALWA AND BUNDELKHAND)  HOT SUBHUMID (DRY) ECO-REGION,95.89,31.29,8.21,29.89,1.69,3.45,Mixed Red and Black Soils,[None],NORTHERN PLAIN (AND CENTRAL HIGHLANDS) INCLUDING ARAVALLIS  HOT SEMI-ARID EGO-REGION,65.08,15.9,41.66,50.09,5.38,10.74,Deep Black soils (with shallow and medium Black Soils as inclusion),[None],CENTRAL HIGHLANDS (MALWA AND BUNDELKHAND)  HOT SUBHUMID (DRY) ECO-REGION,97.54,27.0,0.92,21.8930830405955,32.73763415636809,Poor,0.0935861669294734,0.0,600000,5
7232406414195310,UTTAR PRADESH,NORTH,M,MAINPURI,205247,MAINPURI,Sugaon,M,"27.2289309,79.044184",Permanent Address,parental,0,,200000,6.0,Poor,Indapur,5.0,12.3,42.30070499614614,Average,923.7,22.28 /28.86,Poor,85.13,20.55 /31.46,629.52,22.15 /28.75,73.17,20.87 /32.03,142.04,21.1 /31.45,2.79,3.99,95.24,11.0,2.14,75.84,63.31,3.8,1035.39,96.58,9.33,25.62,72.44,3.04,8.58,Shallow Black Soils (with medium and deep Black Soils as  inclusion),['water'],DECCAN PLATU  HOT SEMI-ARID ECO-REGION,96.86,26.78,15.99,2.47,45.29,24.57,Shallow Black Soils (with medium and deep Black Soils as  inclusion),['water'],DECCAN PLATU  HOT SEMI-ARID ECO-REGION,95.14,16.76,81.04,20.95,29.8,35.75,Shallow Black Soils (with medium and deep Black Soils as  inclusion),['water'],DECCAN PLATU  HOT SEMI-ARID ECO-REGION,93.86,25.63,15.99,2.47,31.62,16.61,Shallow Black Soils (with medium and deep Black Soils as  inclusion),['water'],DECCAN PLATU  HOT SEMI-ARID ECO-REGION,95.24,22.26,80.76,9.68,21.32,30.35,Shallow Black Soils (with medium and deep Black Soils as  inclusion),[None],DECCAN PLATU  HOT SEMI-ARID ECO-REGION,100.24,35.54,92.98,12.27,30.17,30.87,Shallow Black Soils (with medium and deep Black Soils as  inclusion),['water'],DECCAN PLATU  HOT SEMI-ARID ECO-REGION,92.79,21.91,0.9,27.7938678128061,42.30070499614614,Average,0.0808464687220097,0.0,600000,2
6522577844989960,UTTAR PRADESH,NORTH,M,AGRA,282007,AGRA,Agra,M,"27.2003997,78.0085688",Permanent Address,parental,0,,500000,6.0,Poor,Berasia,15.6,34.4,32.73763415636809,Poor,1982.23,23.17 /30.5,Poor,63.15,15.61 /28.28,1359.47,23.22 /29.98,213.24,15.81 /29.14,83.32,15.53 /27.35,4.13,3.5,99.1,4.02,2.99,82.93,70.8,3.52,494.11,69.44,14.05,61.45,53.99,6.49,19.01,Deep Black soils (with shallow and medium Black Soils as inclusion),[None],CENTRAL HIGHLANDS (MALWA AND BUNDELKHAND)  HOT SUBHUMID (DRY) ECO-REGION,97.22,28.6,54.49,45.83,9.26,14.95,Deep Black soils (with shallow and medium Black Soils as inclusion),[None],CENTRAL HIGHLANDS (MALWA AND BUNDELKHAND)  HOT SUBHUMID (DRY) ECO-REGION,92.12,18.05,74.27,78.17,7.85,29.42,Deep Black soils (with shallow and medium Black Soils as inclusion),[None],CENTRAL HIGHLANDS (MALWA AND BUNDELKHAND)  HOT SUBHUMID (DRY) ECO-REGION,90.45,16.82,54.49,45.83,5.21,12.65,Deep Black soils (with shallow and medium Black Soils as inclusion),[None],CENTRAL HIGHLANDS (MALWA AND BUNDELKHAND)  HOT SUBHUMID (DRY) ECO-REGION,95.89,31.29,8.21,29.89,1.69,3.45,Mixed Red and Black Soils,[None],NORTHERN PLAIN (AND CENTRAL HIGHLANDS) INCLUDING ARAVALLIS  HOT SEMI-ARID EGO-REGION,65.08,15.9,41.66,50.09,5.38,10.74,Deep Black soils (with shallow and medium Black Soils as inclusion),[None],CENTRAL HIGHLANDS (MALWA AND BUNDELKHAND)  HOT SUBHUMID (DRY) ECO-REGION,97.54,27.0,0.92,21.8930830405955,32.73763415636809,Poor,0.0935861669294734,0.0,700000,2
6721400579666830,UTTAR PRADESH,NORTH,M,SHAHJAHANPUR,242001,SHAHJAHANPUR,Adampur,M,"27.8469578,79.8925962",Permanent Address,parental,0,,465000,3.0,Poor,Jajpur,7.5,8.1,39.95895664503713,Average,1295.53,25.62 /31.43,Poor,180.77,19.47 /29.26,1071.97,25.75 /31.15,143.02,19.8 /31.06,336.68,19.39 /28.58,1.77,4.52,84.46,5.74,5.99,70.61,69.03,4.13,84.21,56.97,67.65,15.08,36.27,9.14,8.25,Red and lateritic Soils,[None],EASTERN PLATEAU (CHHOTANAGPUR) AND EASTERN GHATS  HOT SUBHUMID ECO-REGION,70.77,41.52,39.49,2.32,5.48,10.15,Red and lateritic Soils,[None],EASTERN PLATEAU (CHHOTANAGPUR) AND EASTERN GHATS  HOT SUBHUMID ECO-REGION,70.15,35.87,39.49,1.91,6.09,12.99,Red and lateritic Soils,[None],EASTERN PLATEAU (CHHOTANAGPUR) AND EASTERN GHATS  HOT SUBHUMID ECO-REGION,64.59,38.98,39.49,2.32,7.96,10.92,Red and lateritic Soils,[None],EASTERN PLATEAU (CHHOTANAGPUR) AND EASTERN GHATS  HOT SUBHUMID ECO-REGION,70.7,36.65,39.49,1.91,6.42,12.68,Red and lateritic Soils,[None],EASTERN PLATEAU (CHHOTANAGPUR) AND EASTERN GHATS  HOT SUBHUMID ECO-REGION,73.62,35.83,96.56,89.56,18.84,27.15,Red and lateritic Soils,[None],EASTERN PLATEAU (CHHOTANAGPUR) AND EASTERN GHATS  HOT SUBHUMID ECO-REGION,67.05,34.91,0.96,26.3489184610669,39.95895664503713,Average,0.0257525280149714,0.0,500000,15
2084659820005750,UTTAR PRADESH,NORTH,M,SHAHJAHANPUR,242001,SHAHJAHANPUR,Adampur,M,"27.8805168,79.8978402",Permanent Address,parental,0,,416000,4.0,Poor,Jajpur,7.5,8.1,39.95895664503713,Average,1295.53,25.62 /31.43,Poor,180.77,19.47 /29.26,1071.97,25.75 /31.15,143.02,19.8 /31.06,336.68,19.39 /28.58,1.77,4.52,84.46,5.74,5.99,70.61,69.03,4.13,84.21,56.97,67.65,15.08,36.27,9.14,8.25,Red and lateritic Soils,[None],EASTERN PLATEAU (CHHOTANAGPUR) AND EASTERN GHATS  HOT SUBHUMID ECO-REGION,70.77,41.52,39.49,2.32,5.48,10.15,Red and lateritic Soils,[None],EASTERN PLATEAU (CHHOTANAGPUR) AND EASTERN GHATS  HOT SUBHUMID ECO-REGION,70.15,35.87,39.49,1.91,6.09,12.99,Red and lateritic Soils,[None],EASTERN PLATEAU (CHHOTANAGPUR) AND EASTERN GHATS  HOT SUBHUMID ECO-REGION,64.59,38.98,39.49,2.32,7.96,10.92,Red and lateritic Soils,[None],EASTERN PLATEAU (CHHOTANAGPUR) AND EASTERN GHATS  HOT SUBHUMID ECO-REGION,70.7,36.65,39.49,1.91,6.42,12.68,Red and lateritic Soils,[None],EASTERN PLATEAU (CHHOTANAGPUR) AND EASTERN GHATS  HOT SUBHUMID ECO-REGION,73.62,35.83,96.56,89.56,18.84,27.15,Red and lateritic Soils,[None],EASTERN PLATEAU (CHHOTANAGPUR) AND EASTERN GHATS  HOT SUBHUMID ECO-REGION,67.05,34.91,0.96,26.3489184610669,39.95895664503713,Average,0.0257525280149714,0.0,500000,3
6793887886664090,UTTAR PRADESH,NORTH,M,SHAHJAHANPUR,242001,SHAHJAHANPUR,Adampur,S,"27.8094544,79.7919793",Permanent Address,parental,0,,430000,3.0,Poor,Jajpur,7.5,8.1,39.95895664503713,Average,1295.53,25.62 /31.43,Poor,180.77,19.47 /29.26,1071.97,25.75 /31.15,143.02,19.8 /31.06,336.68,19.39 /28.58,1.77,4.52,84.46,5.74,5.99,70.61,69.03,4.13,84.21,56.97,67.65,15.08,36.27,9.14,8.25,Red and lateritic Soils,[None],EASTERN PLATEAU (CHHOTANAGPUR) AND EASTERN GHATS  HOT SUBHUMID ECO-REGION,70.77,41.52,39.49,2.32,5.48,10.15,Red and lateritic Soils,[None],EASTERN PLATEAU (CHHOTANAGPUR) AND EASTERN GHATS  HOT SUBHUMID ECO-REGION,70.15,35.87,39.49,1.91,6.09,12.99,Red and lateritic Soils,[None],EASTERN PLATEAU (CHHOTANAGPUR) AND EASTERN GHATS  HOT SUBHUMID ECO-REGION,64.59,38.98,39.49,2.32,7.96,10.92,Red and lateritic Soils,[None],EASTERN PLATEAU (CHHOTANAGPUR) AND EASTERN GHATS  HOT SUBHUMID ECO-REGION,70.7,36.65,39.49,1.91,6.42,12.68,Red and lateritic Soils,[None],EASTERN PLATEAU (CHHOTANAGPUR) AND EASTERN GHATS  HOT SUBHUMID ECO-REGION,73.62,35.83,96.56,89.56,18.84,27.15,Red and lateritic Soils,[None],EASTERN PLATEAU (CHHOTANAGPUR) AND EASTERN GHATS  HOT SUBHUMID ECO-REGION,67.05,34.91,0.96,26.3489184610669,39.95895664503713,Average,0.0257525280149714,0.0,500000,15
4195390899742520,UTTAR PRADESH,NORTH,M,SHAHJAHANPUR,242001,SHAHJAHANPUR,Adampur,M,"27.770727,79.7332707",Permanent Address,parental,1,400000.0,565000,3.0,Poor,Jajpur,7.5,8.1,39.95895664503713,Average,1295.53,25.62 /31.43,Poor,180.77,19.47 /29.26,1071.97,25.75 /31.15,143.02,19.8 /31.06,336.68,19.39 /28.58,1.77,4.52,84.46,5.74,5.99,70.61,69.03,4.13,84.21,56.97,67.65,15.08,36.27,9.14,8.25,Red and lateritic Soils,[None],EASTERN PLATEAU (CHHOTANAGPUR) AND EASTERN GHATS  HOT SUBHUMID ECO-REGION,70.77,41.52,39.49,2.32,5.48,10.15,Red and lateritic Soils,[None],EASTERN PLATEAU (CHHOTANAGPUR) AND EASTERN GHATS  HOT SUBHUMID ECO-REGION,70.15,35.87,39.49,1.91,6.09,12.99,Red and lateritic Soils,[None],EASTERN PLATEAU (CHHOTANAGPUR) AND EASTERN GHATS  HOT SUBHUMID ECO-REGION,64.59,38.98,39.49,2.32,7.96,10.92,Red and lateritic Soils,[None],EASTERN PLATEAU (CHHOTANAGPUR) AND EASTERN GHATS  HOT SUBHUMID ECO-REGION,70.7,36.65,39.49,1.91,6.42,12.68,Red and lateritic Soils,[None],EASTERN PLATEAU (CHHOTANAGPUR) AND EASTERN GHATS  HOT SUBHUMID ECO-REGION,73.62,35.83,96.56,89.56,18.84,27.15,Red and lateritic Soils,[None],EASTERN PLATEAU (CHHOTANAGPUR) AND EASTERN GHATS  HOT SUBHUMID ECO-REGION,67.05,34.91,0.96,26.3489184610669,39.95895664503713,Average,0.0257525280149714,0.0,600000,8
4835565401537210,UTTAR PRADESH,NORTH,M,SHAHJAHANPUR,242001,SHAHJAHANPUR,Adampur,M,"27.8470007,79.8926202",Permanent Address,parental,0,,465000,3.0,Poor,Jajpur,7.5,8.1,39.95895664503713,Average,1295.53,25.62 /31.43,Poor,180.77,19.47 /29.26,1071.97,25.75 /31.15,143.02,19.8 /31.06,336.68,19.39 /28.58,1.77,4.52,84.46,5.74,5.99,70.61,69.03,4.13,84.21,56.97,67.65,15.08,36.27,9.14,8.25,Red and lateritic Soils,[None],EASTERN PLATEAU (CHHOTANAGPUR) AND EASTERN GHATS  HOT SUBHUMID ECO-REGION,70.77,41.52,39.49,2.32,5.48,10.15,Red and lateritic Soils,[None],EASTERN PLATEAU (CHHOTANAGPUR) AND EASTERN GHATS  HOT SUBHUMID ECO-REGION,70.15,35.87,39.49,1.91,6.09,12.99,Red and lateritic Soils,[None],EASTERN PLATEAU (CHHOTANAGPUR) AND EASTERN GHATS  HOT SUBHUMID ECO-REGION,64.59,38.98,39.49,2.32,7.96,10.92,Red and lateritic Soils,[None],EASTERN PLATEAU (CHHOTANAGPUR) AND EASTERN GHATS  HOT SUBHUMID ECO-REGION,70.7,36.65,39.49,1.91,6.42,12.68,Red and lateritic Soils,[None],EASTERN PLATEAU (CHHOTANAGPUR) AND EASTERN GHATS  HOT SUBHUMID ECO-REGION,73.62,35.83,96.56,89.56,18.84,27.15,Red and lateritic Soils,[None],EASTERN PLATEAU (CHHOTANAGPUR) AND EASTERN GHATS  HOT SUBHUMID ECO-REGION,67.05,34.91,0.96,26.3489184610669,39.95895664503713,Average,0.0257525280149714,0.0,500000,15
3043412945949870,UTTAR PRADESH,NORTH,M,SHAHJAHANPUR,242001,SHAHJAHANPUR,Adampur,M,"27.8468819,79.8925489",Permanent Address,parental,0,,465000,3.0,Poor,Jajpur,7.5,8.1,39.95895664503713,Average,1295.53,25.62 /31.43,Poor,180.77,19.47 /29.26,1071.97,25.75 /31.15,143.02,19.8 /31.06,336.68,19.39 /28.58,1.77,4.52,84.46,5.74,5.99,70.61,69.03,4.13,84.21,56.97,67.65,15.08,36.27,9.14,8.25,Red and lateritic Soils,[None],EASTERN PLATEAU (CHHOTANAGPUR) AND EASTERN GHATS  HOT SUBHUMID ECO-REGION,70.77,41.52,39.49,2.32,5.48,10.15,Red and lateritic Soils,[None],EASTERN PLATEAU (CHHOTANAGPUR) AND EASTERN GHATS  HOT SUBHUMID ECO-REGION,70.15,35.87,39.49,1.91,6.09,12.99,Red and lateritic Soils,[None],EASTERN PLATEAU (CHHOTANAGPUR) AND EASTERN GHATS  HOT SUBHUMID ECO-REGION,64.59,38.98,39.49,2.32,7.96,10.92,Red and lateritic Soils,[None],EASTERN PLATEAU (CHHOTANAGPUR) AND EASTERN GHATS  HOT SUBHUMID ECO-REGION,70.7,36.65,39.49,1.91,6.42,12.68,Red and lateritic Soils,[None],EASTERN PLATEAU (CHHOTANAGPUR) AND EASTERN GHATS  HOT SUBHUMID ECO-REGION,73.62,35.83,96.56,89.56,18.84,27.15,Red and lateritic Soils,[None],EASTERN PLATEAU (CHHOTANAGPUR) AND EASTERN GHATS  HOT SUBHUMID ECO-REGION,67.05,34.91,0.96,26.3489184610669,39.95895664503713,Average,0.0257525280149714,0.0,500000,15
9127811076328010,UTTAR PRADESH,NORTH,M,SHAHJAHANPUR,242001,SHAHJAHANPUR,Adampur,S,"27.8653535,79.7011661",Permanent Address,parental,3,138077.666666666,430000,3.0,Poor,Jajpur,7.5,8.1,39.95895664503713,Average,1295.53,25.62 /31.43,Poor,180.77,19.47 /29.26,1071.97,25.75 /31.15,143.02,19.8 /31.06,336.68,19.39 /28.58,1.77,4.52,84.46,5.74,5.99,70.61,69.03,4.13,84.21,56.97,67.65,15.08,36.27,9.14,8.25,Red and lateritic Soils,[None],EASTERN PLATEAU (CHHOTANAGPUR) AND EASTERN GHATS  HOT SUBHUMID ECO-REGION,70.77,41.52,39.49,2.32,5.48,10.15,Red and lateritic Soils,[None],EASTERN PLATEAU (CHHOTANAGPUR) AND EASTERN GHATS  HOT SUBHUMID ECO-REGION,70.15,35.87,39.49,1.91,6.09,12.99,Red and lateritic Soils,[None],EASTERN PLATEAU (CHHOTANAGPUR) AND EASTERN GHATS  HOT SUBHUMID ECO-REGION,64.59,38.98,39.49,2.32,7.96,10.92,Red and lateritic Soils,[None],EASTERN PLATEAU (CHHOTANAGPUR) AND EASTERN GHATS  HOT SUBHUMID ECO-REGION,70.7,36.65,39.49,1.91,6.42,12.68,Red and lateritic Soils,[None],EASTERN PLATEAU (CHHOTANAGPUR) AND EASTERN GHATS  HOT SUBHUMID ECO-REGION,73.62,35.83,96.56,89.56,18.84,27.15,Red and lateritic Soils,[None],EASTERN PLATEAU (CHHOTANAGPUR) AND EASTERN GHATS  HOT SUBHUMID ECO-REGION,67.05,34.91,0.96,26.3489184610669,39.95895664503713,Average,0.0257525280149714,0.0,500000,15
8397085394916270,UTTAR PRADESH,NORTH,M,SHAHJAHANPUR,242001,SHAHJAHANPUR,Adampur,M,"27.8469541,79.8925926",Current Address,parental,0,,465000,3.0,Poor,Jajpur,7.5,8.1,39.95895664503713,Average,1295.53,25.62 /31.43,Poor,180.77,19.47 /29.26,1071.97,25.75 /31.15,143.02,19.8 /31.06,336.68,19.39 /28.58,1.77,4.52,84.46,5.74,5.99,70.61,69.03,4.13,84.21,56.97,67.65,15.08,36.27,9.14,8.25,Red and lateritic Soils,[None],EASTERN PLATEAU (CHHOTANAGPUR) AND EASTERN GHATS  HOT SUBHUMID ECO-REGION,70.77,41.52,39.49,2.32,5.48,10.15,Red and lateritic Soils,[None],EASTERN PLATEAU (CHHOTANAGPUR) AND EASTERN GHATS  HOT SUBHUMID ECO-REGION,70.15,35.87,39.49,1.91,6.09,12.99,Red and lateritic Soils,[None],EASTERN PLATEAU (CHHOTANAGPUR) AND EASTERN GHATS  HOT SUBHUMID ECO-REGION,64.59,38.98,39.49,2.32,7.96,10.92,Red and lateritic Soils,[None],EASTERN PLATEAU (CHHOTANAGPUR) AND EASTERN GHATS  HOT SUBHUMID ECO-REGION,70.7,36.65,39.49,1.91,6.42,12.68,Red and lateritic Soils,[None],EASTERN PLATEAU (CHHOTANAGPUR) AND EASTERN GHATS  HOT SUBHUMID ECO-REGION,73.62,35.83,96.56,89.56,18.84,27.15,Red and lateritic Soils,[None],EASTERN PLATEAU (CHHOTANAGPUR) AND EASTERN GHATS  HOT SUBHUMID ECO-REGION,67.05,34.91,0.96,26.3489184610669,39.95895664503713,Average,0.0257525280149714,0.0,500000,15
8024332529844950,UTTAR PRADESH,NORTH,M,SHAHJAHANPUR,242001,SHAHJAHANPUR,Adampur,S,"27.8875285,79.9029355",Permanent Address,parental,0,,465000,3.0,Poor,Jajpur,7.5,8.1,39.95895664503713,Average,1295.53,25.62 /31.43,Poor,180.77,19.47 /29.26,1071.97,25.75 /31.15,143.02,19.8 /31.06,336.68,19.39 /28.58,1.77,4.52,84.46,5.74,5.99,70.61,69.03,4.13,84.21,56.97,67.65,15.08,36.27,9.14,8.25,Red and lateritic Soils,[None],EASTERN PLATEAU (CHHOTANAGPUR) AND EASTERN GHATS  HOT SUBHUMID ECO-REGION,70.77,41.52,39.49,2.32,5.48,10.15,Red and lateritic Soils,[None],EASTERN PLATEAU (CHHOTANAGPUR) AND EASTERN GHATS  HOT SUBHUMID ECO-REGION,70.15,35.87,39.49,1.91,6.09,12.99,Red and lateritic Soils,[None],EASTERN PLATEAU (CHHOTANAGPUR) AND EASTERN GHATS  HOT SUBHUMID ECO-REGION,64.59,38.98,39.49,2.32,7.96,10.92,Red and lateritic Soils,[None],EASTERN PLATEAU (CHHOTANAGPUR) AND EASTERN GHATS  HOT SUBHUMID ECO-REGION,70.7,36.65,39.49,1.91,6.42,12.68,Red and lateritic Soils,[None],EASTERN PLATEAU (CHHOTANAGPUR) AND EASTERN GHATS  HOT SUBHUMID ECO-REGION,73.62,35.83,96.56,89.56,18.84,27.15,Red and lateritic Soils,[None],EASTERN PLATEAU (CHHOTANAGPUR) AND EASTERN GHATS  HOT SUBHUMID ECO-REGION,67.05,34.91,0.96,26.3489184610669,39.95895664503713,Average,0.0257525280149714,0.0,500000,15
6582991266222430,UTTAR PRADESH,NORTH,F,SHAHJAHANPUR,242001,SHAHJAHANPUR,Adampur,M,"27.8465969,79.8805198",Permanent Address,parental,0,,430000,3.0,Poor,Jajpur,7.5,8.1,39.95895664503713,Average,1295.53,25.62 /31.43,Poor,180.77,19.47 /29.26,1071.97,25.75 /31.15,143.02,19.8 /31.06,336.68,19.39 /28.58,1.77,4.52,84.46,5.74,5.99,70.61,69.03,4.13,84.21,56.97,67.65,15.08,36.27,9.14,8.25,Red and lateritic Soils,[None],EASTERN PLATEAU (CHHOTANAGPUR) AND EASTERN GHATS  HOT SUBHUMID ECO-REGION,70.77,41.52,39.49,2.32,5.48,10.15,Red and lateritic Soils,[None],EASTERN PLATEAU (CHHOTANAGPUR) AND EASTERN GHATS  HOT SUBHUMID ECO-REGION,70.15,35.87,39.49,1.91,6.09,12.99,Red and lateritic Soils,[None],EASTERN PLATEAU (CHHOTANAGPUR) AND EASTERN GHATS  HOT SUBHUMID ECO-REGION,64.59,38.98,39.49,2.32,7.96,10.92,Red and lateritic Soils,[None],EASTERN PLATEAU (CHHOTANAGPUR) AND EASTERN GHATS  HOT SUBHUMID ECO-REGION,70.7,36.65,39.49,1.91,6.42,12.68,Red and lateritic Soils,[None],EASTERN PLATEAU (CHHOTANAGPUR) AND EASTERN GHATS  HOT SUBHUMID ECO-REGION,73.62,35.83,96.56,89.56,18.84,27.15,Red and lateritic Soils,[None],EASTERN PLATEAU (CHHOTANAGPUR) AND EASTERN GHATS  HOT SUBHUMID ECO-REGION,67.05,34.91,0.96,26.3489184610669,39.95895664503713,Average,0.0257525280149714,0.0,500000,15
9657794878615300,UTTAR PRADESH,NORTH,M,SHAHJAHANPUR,242001,SHAHJAHANPUR,Adampur,M,"27.8469753,79.892645",Permanent Address,parental,0,,565000,3.0,Poor,Jajpur,7.5,8.1,39.95895664503713,Average,1295.53,25.62 /31.43,Poor,180.77,19.47 /29.26,1071.97,25.75 /31.15,143.02,19.8 /31.06,336.68,19.39 /28.58,1.77,4.52,84.46,5.74,5.99,70.61,69.03,4.13,84.21,56.97,67.65,15.08,36.27,9.14,8.25,Red and lateritic Soils,[None],EASTERN PLATEAU (CHHOTANAGPUR) AND EASTERN GHATS  HOT SUBHUMID ECO-REGION,70.77,41.52,39.49,2.32,5.48,10.15,Red and lateritic Soils,[None],EASTERN PLATEAU (CHHOTANAGPUR) AND EASTERN GHATS  HOT SUBHUMID ECO-REGION,70.15,35.87,39.49,1.91,6.09,12.99,Red and lateritic Soils,[None],EASTERN PLATEAU (CHHOTANAGPUR) AND EASTERN GHATS  HOT SUBHUMID ECO-REGION,64.59,38.98,39.49,2.32,7.96,10.92,Red and lateritic Soils,[None],EASTERN PLATEAU (CHHOTANAGPUR) AND EASTERN GHATS  HOT SUBHUMID ECO-REGION,70.7,36.65,39.49,1.91,6.42,12.68,Red and lateritic Soils,[None],EASTERN PLATEAU (CHHOTANAGPUR) AND EASTERN GHATS  HOT SUBHUMID ECO-REGION,73.62,35.83,96.56,89.56,18.84,27.15,Red and lateritic Soils,[None],EASTERN PLATEAU (CHHOTANAGPUR) AND EASTERN GHATS  HOT SUBHUMID ECO-REGION,67.05,34.91,0.96,26.3489184610669,39.95895664503713,Average,0.0257525280149714,0.0,600000,8
6599102315560580,UTTAR PRADESH,NORTH,M,SHAHJAHANPUR,242001,SHAHJAHANPUR,Adampur,S,"27.7739071,79.769839",Permanent Address,parental,0,,530000,3.0,Poor,Jajpur,7.5,8.1,39.95895664503713,Average,1295.53,25.62 /31.43,Poor,180.77,19.47 /29.26,1071.97,25.75 /31.15,143.02,19.8 /31.06,336.68,19.39 /28.58,1.77,4.52,84.46,5.74,5.99,70.61,69.03,4.13,84.21,56.97,67.65,15.08,36.27,9.14,8.25,Red and lateritic Soils,[None],EASTERN PLATEAU (CHHOTANAGPUR) AND EASTERN GHATS  HOT SUBHUMID ECO-REGION,70.77,41.52,39.49,2.32,5.48,10.15,Red and lateritic Soils,[None],EASTERN PLATEAU (CHHOTANAGPUR) AND EASTERN GHATS  HOT SUBHUMID ECO-REGION,70.15,35.87,39.49,1.91,6.09,12.99,Red and lateritic Soils,[None],EASTERN PLATEAU (CHHOTANAGPUR) AND EASTERN GHATS  HOT SUBHUMID ECO-REGION,64.59,38.98,39.49,2.32,7.96,10.92,Red and lateritic Soils,[None],EASTERN PLATEAU (CHHOTANAGPUR) AND EASTERN GHATS  HOT SUBHUMID ECO-REGION,70.7,36.65,39.49,1.91,6.42,12.68,Red and lateritic Soils,[None],EASTERN PLATEAU (CHHOTANAGPUR) AND EASTERN GHATS  HOT SUBHUMID ECO-REGION,73.62,35.83,96.56,89.56,18.84,27.15,Red and lateritic Soils,[None],EASTERN PLATEAU (CHHOTANAGPUR) AND EASTERN GHATS  HOT SUBHUMID ECO-REGION,67.05,34.91,0.96,26.3489184610669,39.95895664503713,Average,0.0257525280149714,0.0,600000,8
2698128469385530,UTTAR PRADESH,NORTH,M,SHAHJAHANPUR,242306,SHAHJAHANPUR,Adampur,M,"27.8469363,79.8925564",Permanent Address,parental,0,,150000,3.0,Poor,Jajpur,7.5,8.1,39.95895664503713,Average,1295.53,25.62 /31.43,Poor,180.77,19.47 /29.26,1071.97,25.75 /31.15,143.02,19.8 /31.06,336.68,19.39 /28.58,1.58,4.6,84.1,5.08,5.23,71.54,69.2,3.93,84.21,56.97,67.65,15.08,36.27,9.14,8.25,Red and lateritic Soils,[None],EASTERN PLATEAU (CHHOTANAGPUR) AND EASTERN GHATS  HOT SUBHUMID ECO-REGION,70.77,41.52,39.49,2.32,5.48,10.15,Red and lateritic Soils,[None],EASTERN PLATEAU (CHHOTANAGPUR) AND EASTERN GHATS  HOT SUBHUMID ECO-REGION,70.15,35.87,39.49,1.91,6.09,12.99,Red and lateritic Soils,[None],EASTERN PLATEAU (CHHOTANAGPUR) AND EASTERN GHATS  HOT SUBHUMID ECO-REGION,64.59,38.98,39.49,2.32,7.96,10.92,Red and lateritic Soils,[None],EASTERN PLATEAU (CHHOTANAGPUR) AND EASTERN GHATS  HOT SUBHUMID ECO-REGION,70.7,36.65,39.49,1.91,6.42,12.68,Red and lateritic Soils,[None],EASTERN PLATEAU (CHHOTANAGPUR) AND EASTERN GHATS  HOT SUBHUMID ECO-REGION,73.62,35.83,96.56,89.56,18.84,27.15,Red and lateritic Soils,[None],EASTERN PLATEAU (CHHOTANAGPUR) AND EASTERN GHATS  HOT SUBHUMID ECO-REGION,67.05,34.91,0.96,26.3489184610669,39.95895664503713,Average,0.0257525280149714,0.0,500000,15
4632670885633770,UTTAR PRADESH,NORTH,M,SHAHJAHANPUR,242001,SHAHJAHANPUR,Adampur,M,"27.939243,79.9100146",Permanent Address,parental,0,,565000,3.0,Poor,Jajpur,7.5,8.1,39.95895664503713,Average,1295.53,25.62 /31.43,Poor,180.77,19.47 /29.26,1071.97,25.75 /31.15,143.02,19.8 /31.06,336.68,19.39 /28.58,1.77,4.52,84.46,5.74,5.99,70.61,69.03,4.13,84.21,56.97,67.65,15.08,36.27,9.14,8.25,Red and lateritic Soils,[None],EASTERN PLATEAU (CHHOTANAGPUR) AND EASTERN GHATS  HOT SUBHUMID ECO-REGION,70.77,41.52,39.49,2.32,5.48,10.15,Red and lateritic Soils,[None],EASTERN PLATEAU (CHHOTANAGPUR) AND EASTERN GHATS  HOT SUBHUMID ECO-REGION,70.15,35.87,39.49,1.91,6.09,12.99,Red and lateritic Soils,[None],EASTERN PLATEAU (CHHOTANAGPUR) AND EASTERN GHATS  HOT SUBHUMID ECO-REGION,64.59,38.98,39.49,2.32,7.96,10.92,Red and lateritic Soils,[None],EASTERN PLATEAU (CHHOTANAGPUR) AND EASTERN GHATS  HOT SUBHUMID ECO-REGION,70.7,36.65,39.49,1.91,6.42,12.68,Red and lateritic Soils,[None],EASTERN PLATEAU (CHHOTANAGPUR) AND EASTERN GHATS  HOT SUBHUMID ECO-REGION,73.62,35.83,96.56,89.56,18.84,27.15,Red and lateritic Soils,[None],EASTERN PLATEAU (CHHOTANAGPUR) AND EASTERN GHATS  HOT SUBHUMID ECO-REGION,67.05,34.91,0.96,26.3489184610669,39.95895664503713,Average,0.0257525280149714,0.0,600000,8
1469165219621330,UTTAR PRADESH,NORTH,M,SHAHJAHANPUR,242001,SHAHJAHANPUR,Adampur,M,"27.887503,79.9029985",Permanent Address,parental,0,,465000,3.0,Poor,Jajpur,7.5,8.1,39.95895664503713,Average,1295.53,25.62 /31.43,Poor,180.77,19.47 /29.26,1071.97,25.75 /31.15,143.02,19.8 /31.06,336.68,19.39 /28.58,1.77,4.52,84.46,5.74,5.99,70.61,69.03,4.13,84.21,56.97,67.65,15.08,36.27,9.14,8.25,Red and lateritic Soils,[None],EASTERN PLATEAU (CHHOTANAGPUR) AND EASTERN GHATS  HOT SUBHUMID ECO-REGION,70.77,41.52,39.49,2.32,5.48,10.15,Red and lateritic Soils,[None],EASTERN PLATEAU (CHHOTANAGPUR) AND EASTERN GHATS  HOT SUBHUMID ECO-REGION,70.15,35.87,39.49,1.91,6.09,12.99,Red and lateritic Soils,[None],EASTERN PLATEAU (CHHOTANAGPUR) AND EASTERN GHATS  HOT SUBHUMID ECO-REGION,64.59,38.98,39.49,2.32,7.96,10.92,Red and lateritic Soils,[None],EASTERN PLATEAU (CHHOTANAGPUR) AND EASTERN GHATS  HOT SUBHUMID ECO-REGION,70.7,36.65,39.49,1.91,6.42,12.68,Red and lateritic Soils,[None],EASTERN PLATEAU (CHHOTANAGPUR) AND EASTERN GHATS  HOT SUBHUMID ECO-REGION,73.62,35.83,96.56,89.56,18.84,27.15,Red and lateritic Soils,[None],EASTERN PLATEAU (CHHOTANAGPUR) AND EASTERN GHATS  HOT SUBHUMID ECO-REGION,67.05,34.91,0.96,26.3489184610669,39.95895664503713,Average,0.0257525280149714,0.0,500000,15
9505019379106650,UTTAR PRADESH,NORTH,M,SHAHJAHANPUR,242001,SHAHJAHANPUR,Adampur,M,"27.8540562,79.6313469",Permanent Address,parental,0,,332000,4.0,Poor,Jajpur,7.5,8.1,39.95895664503713,Average,1295.53,25.62 /31.43,Poor,180.77,19.47 /29.26,1071.97,25.75 /31.15,143.02,19.8 /31.06,336.68,19.39 /28.58,1.77,4.52,84.46,5.74,5.99,70.61,69.03,4.13,84.21,56.97,67.65,15.08,36.27,9.14,8.25,Red and lateritic Soils,[None],EASTERN PLATEAU (CHHOTANAGPUR) AND EASTERN GHATS  HOT SUBHUMID ECO-REGION,70.77,41.52,39.49,2.32,5.48,10.15,Red and lateritic Soils,[None],EASTERN PLATEAU (CHHOTANAGPUR) AND EASTERN GHATS  HOT SUBHUMID ECO-REGION,70.15,35.87,39.49,1.91,6.09,12.99,Red and lateritic Soils,[None],EASTERN PLATEAU (CHHOTANAGPUR) AND EASTERN GHATS  HOT SUBHUMID ECO-REGION,64.59,38.98,39.49,2.32,7.96,10.92,Red and lateritic Soils,[None],EASTERN PLATEAU (CHHOTANAGPUR) AND EASTERN GHATS  HOT SUBHUMID ECO-REGION,70.7,36.65,39.49,1.91,6.42,12.68,Red and lateritic Soils,[None],EASTERN PLATEAU (CHHOTANAGPUR) AND EASTERN GHATS  HOT SUBHUMID ECO-REGION,73.62,35.83,96.56,89.56,18.84,27.15,Red and lateritic Soils,[None],EASTERN PLATEAU (CHHOTANAGPUR) AND EASTERN GHATS  HOT SUBHUMID ECO-REGION,67.05,34.91,0.96,26.3489184610669,39.95895664503713,Average,0.0257525280149714,0.0,500000,3
3068517574215450,UTTAR PRADESH,NORTH,M,SHAHJAHANPUR,242001,SHAHJAHANPUR,Adampur,M,"27.8857904,79.955546",Permanent Address,parental,1,250000.0,565000,3.0,Poor,Jajpur,7.5,8.1,39.95895664503713,Average,1295.53,25.62 /31.43,Poor,180.77,19.47 /29.26,1071.97,25.75 /31.15,143.02,19.8 /31.06,336.68,19.39 /28.58,1.77,4.52,84.46,5.74,5.99,70.61,69.03,4.13,84.21,56.97,67.65,15.08,36.27,9.14,8.25,Red and lateritic Soils,[None],EASTERN PLATEAU (CHHOTANAGPUR) AND EASTERN GHATS  HOT SUBHUMID ECO-REGION,70.77,41.52,39.49,2.32,5.48,10.15,Red and lateritic Soils,[None],EASTERN PLATEAU (CHHOTANAGPUR) AND EASTERN GHATS  HOT SUBHUMID ECO-REGION,70.15,35.87,39.49,1.91,6.09,12.99,Red and lateritic Soils,[None],EASTERN PLATEAU (CHHOTANAGPUR) AND EASTERN GHATS  HOT SUBHUMID ECO-REGION,64.59,38.98,39.49,2.32,7.96,10.92,Red and lateritic Soils,[None],EASTERN PLATEAU (CHHOTANAGPUR) AND EASTERN GHATS  HOT SUBHUMID ECO-REGION,70.7,36.65,39.49,1.91,6.42,12.68,Red and lateritic Soils,[None],EASTERN PLATEAU (CHHOTANAGPUR) AND EASTERN GHATS  HOT SUBHUMID ECO-REGION,73.62,35.83,96.56,89.56,18.84,27.15,Red and lateritic Soils,[None],EASTERN PLATEAU (CHHOTANAGPUR) AND EASTERN GHATS  HOT SUBHUMID ECO-REGION,67.05,34.91,0.96,26.3489184610669,39.95895664503713,Average,0.0257525280149714,0.0,600000,8
6201780308756160,UTTAR PRADESH,NORTH,M,SHAHJAHANPUR,242001,SHAHJAHANPUR,Adampur,M,"27.8875333,79.902942",Permanent Address,parental,1,87000.0,430000,3.0,Poor,Jajpur,7.5,8.1,39.95895664503713,Average,1295.53,25.62 /31.43,Poor,180.77,19.47 /29.26,1071.97,25.75 /31.15,143.02,19.8 /31.06,336.68,19.39 /28.58,1.77,4.52,84.46,5.74,5.99,70.61,69.03,4.13,84.21,56.97,67.65,15.08,36.27,9.14,8.25,Red and lateritic Soils,[None],EASTERN PLATEAU (CHHOTANAGPUR) AND EASTERN GHATS  HOT SUBHUMID ECO-REGION,70.77,41.52,39.49,2.32,5.48,10.15,Red and lateritic Soils,[None],EASTERN PLATEAU (CHHOTANAGPUR) AND EASTERN GHATS  HOT SUBHUMID ECO-REGION,70.15,35.87,39.49,1.91,6.09,12.99,Red and lateritic Soils,[None],EASTERN PLATEAU (CHHOTANAGPUR) AND EASTERN GHATS  HOT SUBHUMID ECO-REGION,64.59,38.98,39.49,2.32,7.96,10.92,Red and lateritic Soils,[None],EASTERN PLATEAU (CHHOTANAGPUR) AND EASTERN GHATS  HOT SUBHUMID ECO-REGION,70.7,36.65,39.49,1.91,6.42,12.68,Red and lateritic Soils,[None],EASTERN PLATEAU (CHHOTANAGPUR) AND EASTERN GHATS  HOT SUBHUMID ECO-REGION,73.62,35.83,96.56,89.56,18.84,27.15,Red and lateritic Soils,[None],EASTERN PLATEAU (CHHOTANAGPUR) AND EASTERN GHATS  HOT SUBHUMID ECO-REGION,67.05,34.91,0.96,26.3489184610669,39.95895664503713,Average,0.0257525280149714,0.0,500000,15
2813301875746970,UTTAR PRADESH,NORTH,M,SHAHJAHANPUR,242001,SHAHJAHANPUR,Adampur,M,"27.8469461,79.8926122",Current Address,parental,2,469500.0,290000,4.0,Poor,Jajpur,7.5,8.1,39.95895664503713,Average,1295.53,25.62 /31.43,Poor,180.77,19.47 /29.26,1071.97,25.75 /31.15,143.02,19.8 /31.06,336.68,19.39 /28.58,1.77,4.52,84.46,5.74,5.99,70.61,69.03,4.13,84.21,56.97,67.65,15.08,36.27,9.14,8.25,Red and lateritic Soils,[None],EASTERN PLATEAU (CHHOTANAGPUR) AND EASTERN GHATS  HOT SUBHUMID ECO-REGION,70.77,41.52,39.49,2.32,5.48,10.15,Red and lateritic Soils,[None],EASTERN PLATEAU (CHHOTANAGPUR) AND EASTERN GHATS  HOT SUBHUMID ECO-REGION,70.15,35.87,39.49,1.91,6.09,12.99,Red and lateritic Soils,[None],EASTERN PLATEAU (CHHOTANAGPUR) AND EASTERN GHATS  HOT SUBHUMID ECO-REGION,64.59,38.98,39.49,2.32,7.96,10.92,Red and lateritic Soils,[None],EASTERN PLATEAU (CHHOTANAGPUR) AND EASTERN GHATS  HOT SUBHUMID ECO-REGION,70.7,36.65,39.49,1.91,6.42,12.68,Red and lateritic Soils,[None],EASTERN PLATEAU (CHHOTANAGPUR) AND EASTERN GHATS  HOT SUBHUMID ECO-REGION,73.62,35.83,96.56,89.56,18.84,27.15,Red and lateritic Soils,[None],EASTERN PLATEAU (CHHOTANAGPUR) AND EASTERN GHATS  HOT SUBHUMID ECO-REGION,67.05,34.91,0.96,26.3489184610669,39.95895664503713,Average,0.0257525280149714,0.0,500000,3
9298839125667050,UTTAR PRADESH,NORTH,M,SHAHJAHANPUR,242001,SHAHJAHANPUR,Adampur,M,"27.8874002,79.9031622",Permanent Address,parental,0,,430000,3.0,Poor,Jajpur,7.5,8.1,39.95895664503713,Average,1295.53,25.62 /31.43,Poor,180.77,19.47 /29.26,1071.97,25.75 /31.15,143.02,19.8 /31.06,336.68,19.39 /28.58,1.77,4.52,84.46,5.74,5.99,70.61,69.03,4.13,84.21,56.97,67.65,15.08,36.27,9.14,8.25,Red and lateritic Soils,[None],EASTERN PLATEAU (CHHOTANAGPUR) AND EASTERN GHATS  HOT SUBHUMID ECO-REGION,70.77,41.52,39.49,2.32,5.48,10.15,Red and lateritic Soils,[None],EASTERN PLATEAU (CHHOTANAGPUR) AND EASTERN GHATS  HOT SUBHUMID ECO-REGION,70.15,35.87,39.49,1.91,6.09,12.99,Red and lateritic Soils,[None],EASTERN PLATEAU (CHHOTANAGPUR) AND EASTERN GHATS  HOT SUBHUMID ECO-REGION,64.59,38.98,39.49,2.32,7.96,10.92,Red and lateritic Soils,[None],EASTERN PLATEAU (CHHOTANAGPUR) AND EASTERN GHATS  HOT SUBHUMID ECO-REGION,70.7,36.65,39.49,1.91,6.42,12.68,Red and lateritic Soils,[None],EASTERN PLATEAU (CHHOTANAGPUR) AND EASTERN GHATS  HOT SUBHUMID ECO-REGION,73.62,35.83,96.56,89.56,18.84,27.15,Red and lateritic Soils,[None],EASTERN PLATEAU (CHHOTANAGPUR) AND EASTERN GHATS  HOT SUBHUMID ECO-REGION,67.05,34.91,0.96,26.3489184610669,39.95895664503713,Average,0.0257525280149714,0.0,500000,15
7502760505707700,UTTAR PRADESH,NORTH,M,SHAHJAHANPUR,242001,SHAHJAHANPUR,Adampur,M,"27.8895906,79.9036224",Permanent Address,parental,0,,530000,3.0,Poor,Jajpur,7.5,8.1,39.95895664503713,Average,1295.53,25.62 /31.43,Poor,180.77,19.47 /29.26,1071.97,25.75 /31.15,143.02,19.8 /31.06,336.68,19.39 /28.58,1.77,4.52,84.46,5.74,5.99,70.61,69.03,4.13,84.21,56.97,67.65,15.08,36.27,9.14,8.25,Red and lateritic Soils,[None],EASTERN PLATEAU (CHHOTANAGPUR) AND EASTERN GHATS  HOT SUBHUMID ECO-REGION,70.77,41.52,39.49,2.32,5.48,10.15,Red and lateritic Soils,[None],EASTERN PLATEAU (CHHOTANAGPUR) AND EASTERN GHATS  HOT SUBHUMID ECO-REGION,70.15,35.87,39.49,1.91,6.09,12.99,Red and lateritic Soils,[None],EASTERN PLATEAU (CHHOTANAGPUR) AND EASTERN GHATS  HOT SUBHUMID ECO-REGION,64.59,38.98,39.49,2.32,7.96,10.92,Red and lateritic Soils,[None],EASTERN PLATEAU (CHHOTANAGPUR) AND EASTERN GHATS  HOT SUBHUMID ECO-REGION,70.7,36.65,39.49,1.91,6.42,12.68,Red and lateritic Soils,[None],EASTERN PLATEAU (CHHOTANAGPUR) AND EASTERN GHATS  HOT SUBHUMID ECO-REGION,73.62,35.83,96.56,89.56,18.84,27.15,Red and lateritic Soils,[None],EASTERN PLATEAU (CHHOTANAGPUR) AND EASTERN GHATS  HOT SUBHUMID ECO-REGION,67.05,34.91,0.96,26.3489184610669,39.95895664503713,Average,0.0257525280149714,0.0,600000,8
7777288089239790,UTTAR PRADESH,NORTH,M,SHAHJAHANPUR,242001,SHAHJAHANPUR,Adampur,S,"27.8467661,79.8924184",Permanent Address,parental,0,,430000,3.0,Poor,Jajpur,7.5,8.1,39.95895664503713,Average,1295.53,25.62 /31.43,Poor,180.77,19.47 /29.26,1071.97,25.75 /31.15,143.02,19.8 /31.06,336.68,19.39 /28.58,1.77,4.52,84.46,5.74,5.99,70.61,69.03,4.13,84.21,56.97,67.65,15.08,36.27,9.14,8.25,Red and lateritic Soils,[None],EASTERN PLATEAU (CHHOTANAGPUR) AND EASTERN GHATS  HOT SUBHUMID ECO-REGION,70.77,41.52,39.49,2.32,5.48,10.15,Red and lateritic Soils,[None],EASTERN PLATEAU (CHHOTANAGPUR) AND EASTERN GHATS  HOT SUBHUMID ECO-REGION,70.15,35.87,39.49,1.91,6.09,12.99,Red and lateritic Soils,[None],EASTERN PLATEAU (CHHOTANAGPUR) AND EASTERN GHATS  HOT SUBHUMID ECO-REGION,64.59,38.98,39.49,2.32,7.96,10.92,Red and lateritic Soils,[None],EASTERN PLATEAU (CHHOTANAGPUR) AND EASTERN GHATS  HOT SUBHUMID ECO-REGION,70.7,36.65,39.49,1.91,6.42,12.68,Red and lateritic Soils,[None],EASTERN PLATEAU (CHHOTANAGPUR) AND EASTERN GHATS  HOT SUBHUMID ECO-REGION,73.62,35.83,96.56,89.56,18.84,27.15,Red and lateritic Soils,[None],EASTERN PLATEAU (CHHOTANAGPUR) AND EASTERN GHATS  HOT SUBHUMID ECO-REGION,67.05,34.91,0.96,26.3489184610669,39.95895664503713,Average,0.0257525280149714,0.0,500000,15
3134362640469540,UTTAR PRADESH,NORTH,M,ACHHALDA,206241,AURAIYA,Birpur,M,"26.6836154,79.4389525",Permanent Address,parental,0,,523000,3.0,Poor,Karvi,34.4,12.7,15.5769016120557,Poor,1415.17,24.5 /31.61,Poor,163.35,15.27 /27.7,841.66,24.54 /30.93,129.94,15.62 /28.51,214.78,15.26 /26.41,2.51,4.9,94.0,9.37,0.43,71.91,74.3,3.82,127.44,85.92,67.42,62.64,67.25,25.68,27.91,Mixed Red and Black Soils,[None],CENTRAL HIGHLANDS (MALWA AND BUNDELKHAND)  HOT SUBHUMID (DRY) ECO-REGION,66.01,20.18,68.56,64.66,27.37,26.22,Mixed Red and Black Soils,[None],CENTRAL HIGHLANDS (MALWA AND BUNDELKHAND)  HOT SUBHUMID (DRY) ECO-REGION,67.13,13.21,70.3,51.31,25.33,33.76,Mixed Red and Black Soils,[None],CENTRAL HIGHLANDS (MALWA AND BUNDELKHAND)  HOT SUBHUMID (DRY) ECO-REGION,64.22,13.21,68.56,64.66,2.53,14.21,Mixed Red and Black Soils,[None],CENTRAL HIGHLANDS (MALWA AND BUNDELKHAND)  HOT SUBHUMID (DRY) ECO-REGION,67.51,19.61,70.3,51.31,12.48,23.09,Mixed Red and Black Soils,[None],CENTRAL HIGHLANDS (MALWA AND BUNDELKHAND)  HOT SUBHUMID (DRY) ECO-REGION,68.3,18.2,71.12,54.94,20.57,22.93,Mixed Red and Black Soils,[None],CENTRAL HIGHLANDS (MALWA AND BUNDELKHAND)  HOT SUBHUMID (DRY) ECO-REGION,69.74,19.04,0.88,11.3042469884506,15.5769016120557,Poor,0.292354282214434,0.0,800000,2
7578316511627820,UTTAR PRADESH,NORTH,M,ACHHALDA,206241,AURAIYA,Birpur,M,"26.6806901,79.4403995",Permanent Address,parental,1,19999.0,494000,3.0,Poor,Karvi,34.4,12.7,15.5769016120557,Poor,1415.17,24.5 /31.61,Poor,163.35,15.27 /27.7,841.66,24.54 /30.93,129.94,15.62 /28.51,214.78,15.26 /26.41,2.51,4.9,94.0,9.37,0.43,71.91,74.3,3.82,127.44,85.92,67.42,62.64,67.25,25.68,27.91,Mixed Red and Black Soils,[None],CENTRAL HIGHLANDS (MALWA AND BUNDELKHAND)  HOT SUBHUMID (DRY) ECO-REGION,66.01,20.18,68.56,64.66,27.37,26.22,Mixed Red and Black Soils,[None],CENTRAL HIGHLANDS (MALWA AND BUNDELKHAND)  HOT SUBHUMID (DRY) ECO-REGION,67.13,13.21,70.3,51.31,25.33,33.76,Mixed Red and Black Soils,[None],CENTRAL HIGHLANDS (MALWA AND BUNDELKHAND)  HOT SUBHUMID (DRY) ECO-REGION,64.22,13.21,68.56,64.66,2.53,14.21,Mixed Red and Black Soils,[None],CENTRAL HIGHLANDS (MALWA AND BUNDELKHAND)  HOT SUBHUMID (DRY) ECO-REGION,67.51,19.61,70.3,51.31,12.48,23.09,Mixed Red and Black Soils,[None],CENTRAL HIGHLANDS (MALWA AND BUNDELKHAND)  HOT SUBHUMID (DRY) ECO-REGION,68.3,18.2,71.12,54.94,20.57,22.93,Mixed Red and Black Soils,[None],CENTRAL HIGHLANDS (MALWA AND BUNDELKHAND)  HOT SUBHUMID (DRY) ECO-REGION,69.74,19.04,0.88,11.3042469884506,15.5769016120557,Poor,0.292354282214434,0.0,800000,2
3614657322223110,UTTAR PRADESH,NORTH,M,MADHOGARH,285121,JALAUN,Gopalpura,M,"26.2379227,79.0926294",Permanent Address,parental,2,37500.0,360000,8.0,Poor,Kasrawad,5.6,21.8,41.97139123434111,Average,1257.94,24.17 /31.25,Average,138.02,18.12 /31.07,638.89,24.32 /31.2,127.11,18.19 /31.28,22.48,18.61 /30.45,5.7,2.2,96.9,9.62,1.8,56.11,80.2,4.72,846.11,413.35,48.85,74.15,87.99,21.15,29.89,Deep Black soils (with shallow and medium Black Soils as inclusion),[None],CENTRAL HIGHLANDS ( MALWA )  GUJARAT PLAIN AND KATHIAWAR PENINSULA  SEMI-ARID ECO-REGION,94.57,21.63,95.86,72.93,41.85,39.1,Deep Black soils (with shallow and medium Black Soils as inclusion),[None],CENTRAL HIGHLANDS ( MALWA )  GUJARAT PLAIN AND KATHIAWAR PENINSULA  SEMI-ARID ECO-REGION,93.2,13.47,85.18,58.33,25.05,38.94,Deep Black soils (with shallow and medium Black Soils as inclusion),[None],CENTRAL HIGHLANDS ( MALWA )  GUJARAT PLAIN AND KATHIAWAR PENINSULA  SEMI-ARID ECO-REGION,91.52,15.73,95.86,72.93,21.87,28.42,Deep Black soils (with shallow and medium Black Soils as inclusion),[None],CENTRAL HIGHLANDS ( MALWA )  GUJARAT PLAIN AND KATHIAWAR PENINSULA  SEMI-ARID ECO-REGION,91.07,20.15,85.18,58.33,13.35,28.14,Deep Black soils (with shallow and medium Black Soils as inclusion),[None],CENTRAL HIGHLANDS ( MALWA )  GUJARAT PLAIN AND KATHIAWAR PENINSULA  SEMI-ARID ECO-REGION,92.94,19.59,20.14,29.45,24.2,15.66,Deep Black soils (with shallow and medium Black Soils as inclusion),[None],CENTRAL HIGHLANDS ( MALWA )  GUJARAT PLAIN AND KATHIAWAR PENINSULA  SEMI-ARID ECO-REGION,98.32,24.51,0.8,27.5906684782518,41.97139123434111,Average,2.00247069082453,8.23,900000,2
4596422808470160,UTTAR PRADESH,NORTH,M,MADHOGARH,285121,JALAUN,Gopalpura,M,"26.2383304,79.0906125",Permanent Address,parental,1,17094.0,360000,8.0,Poor,Kasrawad,5.6,21.8,41.97139123434111,Average,1257.94,24.17 /31.25,Average,138.02,18.12 /31.07,638.89,24.32 /31.2,127.11,18.19 /31.28,22.48,18.61 /30.45,5.7,2.2,96.9,9.62,1.8,56.11,80.2,4.72,846.11,413.35,48.85,74.15,87.99,21.15,29.89,Deep Black soils (with shallow and medium Black Soils as inclusion),[None],CENTRAL HIGHLANDS ( MALWA )  GUJARAT PLAIN AND KATHIAWAR PENINSULA  SEMI-ARID ECO-REGION,94.57,21.63,95.86,72.93,41.85,39.1,Deep Black soils (with shallow and medium Black Soils as inclusion),[None],CENTRAL HIGHLANDS ( MALWA )  GUJARAT PLAIN AND KATHIAWAR PENINSULA  SEMI-ARID ECO-REGION,93.2,13.47,85.18,58.33,25.05,38.94,Deep Black soils (with shallow and medium Black Soils as inclusion),[None],CENTRAL HIGHLANDS ( MALWA )  GUJARAT PLAIN AND KATHIAWAR PENINSULA  SEMI-ARID ECO-REGION,91.52,15.73,95.86,72.93,21.87,28.42,Deep Black soils (with shallow and medium Black Soils as inclusion),[None],CENTRAL HIGHLANDS ( MALWA )  GUJARAT PLAIN AND KATHIAWAR PENINSULA  SEMI-ARID ECO-REGION,91.07,20.15,85.18,58.33,13.35,28.14,Deep Black soils (with shallow and medium Black Soils as inclusion),[None],CENTRAL HIGHLANDS ( MALWA )  GUJARAT PLAIN AND KATHIAWAR PENINSULA  SEMI-ARID ECO-REGION,92.94,19.59,20.14,29.45,24.2,15.66,Deep Black soils (with shallow and medium Black Soils as inclusion),[None],CENTRAL HIGHLANDS ( MALWA )  GUJARAT PLAIN AND KATHIAWAR PENINSULA  SEMI-ARID ECO-REGION,98.32,24.51,0.8,27.5906684782518,41.97139123434111,Average,2.00247069082453,8.23,900000,2
4362786323651630,UTTAR PRADESH,NORTH,M,SHAHJAHANPUR,242001,SHAHJAHANPUR,Adampur,M,"27.8991292,79.9052447",Permanent Address,parental,0,,447000,3.0,Poor,Jajpur,7.5,8.1,39.95895664503713,Average,1295.53,25.62 /31.43,Poor,180.77,19.47 /29.26,1071.97,25.75 /31.15,143.02,19.8 /31.06,336.68,19.39 /28.58,1.77,4.52,84.46,5.74,5.99,70.61,69.03,4.13,84.21,56.97,67.65,15.08,36.27,9.14,8.25,Red and lateritic Soils,[None],EASTERN PLATEAU (CHHOTANAGPUR) AND EASTERN GHATS  HOT SUBHUMID ECO-REGION,70.77,41.52,39.49,2.32,5.48,10.15,Red and lateritic Soils,[None],EASTERN PLATEAU (CHHOTANAGPUR) AND EASTERN GHATS  HOT SUBHUMID ECO-REGION,70.15,35.87,39.49,1.91,6.09,12.99,Red and lateritic Soils,[None],EASTERN PLATEAU (CHHOTANAGPUR) AND EASTERN GHATS  HOT SUBHUMID ECO-REGION,64.59,38.98,39.49,2.32,7.96,10.92,Red and lateritic Soils,[None],EASTERN PLATEAU (CHHOTANAGPUR) AND EASTERN GHATS  HOT SUBHUMID ECO-REGION,70.7,36.65,39.49,1.91,6.42,12.68,Red and lateritic Soils,[None],EASTERN PLATEAU (CHHOTANAGPUR) AND EASTERN GHATS  HOT SUBHUMID ECO-REGION,73.62,35.83,96.56,89.56,18.84,27.15,Red and lateritic Soils,[None],EASTERN PLATEAU (CHHOTANAGPUR) AND EASTERN GHATS  HOT SUBHUMID ECO-REGION,67.05,34.91,0.96,26.3489184610669,39.95895664503713,Average,0.0257525280149714,0.0,500000,15
1096123609805360,UTTAR PRADESH,NORTH,M,SHAHJAHANPUR,242001,SHAHJAHANPUR,Adampur,M,"27.8403153,79.9134336",Permanent Address,parental,2,350294.0,447000,3.0,Poor,Jajpur,7.5,8.1,39.95895664503713,Average,1295.53,25.62 /31.43,Poor,180.77,19.47 /29.26,1071.97,25.75 /31.15,143.02,19.8 /31.06,336.68,19.39 /28.58,1.77,4.52,84.46,5.74,5.99,70.61,69.03,4.13,84.21,56.97,67.65,15.08,36.27,9.14,8.25,Red and lateritic Soils,[None],EASTERN PLATEAU (CHHOTANAGPUR) AND EASTERN GHATS  HOT SUBHUMID ECO-REGION,70.77,41.52,39.49,2.32,5.48,10.15,Red and lateritic Soils,[None],EASTERN PLATEAU (CHHOTANAGPUR) AND EASTERN GHATS  HOT SUBHUMID ECO-REGION,70.15,35.87,39.49,1.91,6.09,12.99,Red and lateritic Soils,[None],EASTERN PLATEAU (CHHOTANAGPUR) AND EASTERN GHATS  HOT SUBHUMID ECO-REGION,64.59,38.98,39.49,2.32,7.96,10.92,Red and lateritic Soils,[None],EASTERN PLATEAU (CHHOTANAGPUR) AND EASTERN GHATS  HOT SUBHUMID ECO-REGION,70.7,36.65,39.49,1.91,6.42,12.68,Red and lateritic Soils,[None],EASTERN PLATEAU (CHHOTANAGPUR) AND EASTERN GHATS  HOT SUBHUMID ECO-REGION,73.62,35.83,96.56,89.56,18.84,27.15,Red and lateritic Soils,[None],EASTERN PLATEAU (CHHOTANAGPUR) AND EASTERN GHATS  HOT SUBHUMID ECO-REGION,67.05,34.91,0.96,26.3489184610669,39.95895664503713,Average,0.0257525280149714,0.0,500000,15
3897355538595320,UTTAR PRADESH,NORTH,M,RAJA KA RAMPUR,207244,ETAH,Abdullapur,M,"27.54954954954955,79.33843371817458",Permanent Address,parental,1,7192.0,312000,8.0,Average,Ashta,2.6,32.9,44.78535403696178,Average,2138.55,23.02 /30.16,Average,92.75,16.88 /29.13,1010.36,23.03 /29.74,151.41,16.69 /29.37,75.64,16.73 /28.32,2.25,6.03,87.58,9.69,1.84,77.88,66.42,5.57,147.61,114.01,77.24,60.37,43.42,45.92,36.2,Deep Black soils (with shallow and medium Black Soils as inclusion),[None],CENTRAL HIGHLANDS (MALWA AND BUNDELKHAND)  HOT SUBHUMID (DRY) ECO-REGION,97.37,26.3,95.76,92.81,40.67,37.76,Deep Black soils (with shallow and medium Black Soils as inclusion),[None],CENTRAL HIGHLANDS (MALWA AND BUNDELKHAND)  HOT SUBHUMID (DRY) ECO-REGION,93.25,15.93,77.75,73.63,26.91,38.41,Deep Black soils (with shallow and medium Black Soils as inclusion),[None],CENTRAL HIGHLANDS (MALWA AND BUNDELKHAND)  HOT SUBHUMID (DRY) ECO-REGION,91.28,16.2,95.76,92.81,23.41,28.22,Deep Black soils (with shallow and medium Black Soils as inclusion),[None],CENTRAL HIGHLANDS (MALWA AND BUNDELKHAND)  HOT SUBHUMID (DRY) ECO-REGION,95.06,27.37,4.152,3.46,16.67,7.45,Mixed Red and Black Soils,['water'],DECCAN PLATEAU  (TELANGANA) AND EASTERN GHATS  HOT SEMI ARID ECO-REGION,80.72,37.02,80.27,84.14,44.3,35.25,Deep Black soils (with shallow and medium Black Soils as inclusion),[None],CENTRAL HIGHLANDS (MALWA AND BUNDELKHAND)  HOT SUBHUMID (DRY) ECO-REGION,99.28,27.94,0.76,29.3269924199509,44.78535403696178,Average,0.259697956766361,0.0,700000,2
6599096939470470,UTTAR PRADESH,NORTH,F,RAJA KA RAMPUR,207244,ETAH,Abdullapur,M,"27.3826856,79.5915149",Permanent Address,parental,0,,160000,8.0,Average,Ashta,2.6,32.9,44.78535403696178,Average,2138.55,23.02 /30.16,Average,92.75,16.88 /29.13,1010.36,23.03 /29.74,151.41,16.69 /29.37,75.64,16.73 /28.32,2.25,6.03,87.58,9.69,1.84,77.88,66.42,5.57,147.61,114.01,77.24,60.37,43.42,45.92,36.2,Deep Black soils (with shallow and medium Black Soils as inclusion),[None],CENTRAL HIGHLANDS (MALWA AND BUNDELKHAND)  HOT SUBHUMID (DRY) ECO-REGION,97.37,26.3,95.76,92.81,40.67,37.76,Deep Black soils (with shallow and medium Black Soils as inclusion),[None],CENTRAL HIGHLANDS (MALWA AND BUNDELKHAND)  HOT SUBHUMID (DRY) ECO-REGION,93.25,15.93,77.75,73.63,26.91,38.41,Deep Black soils (with shallow and medium Black Soils as inclusion),[None],CENTRAL HIGHLANDS (MALWA AND BUNDELKHAND)  HOT SUBHUMID (DRY) ECO-REGION,91.28,16.2,95.76,92.81,23.41,28.22,Deep Black soils (with shallow and medium Black Soils as inclusion),[None],CENTRAL HIGHLANDS (MALWA AND BUNDELKHAND)  HOT SUBHUMID (DRY) ECO-REGION,95.06,27.37,4.152,3.46,16.67,7.45,Mixed Red and Black Soils,['water'],DECCAN PLATEAU  (TELANGANA) AND EASTERN GHATS  HOT SEMI ARID ECO-REGION,80.72,37.02,80.27,84.14,44.3,35.25,Deep Black soils (with shallow and medium Black Soils as inclusion),[None],CENTRAL HIGHLANDS (MALWA AND BUNDELKHAND)  HOT SUBHUMID (DRY) ECO-REGION,99.28,27.94,0.76,29.3269924199509,44.78535403696178,Average,0.259697956766361,0.0,700000,2
6157915217229450,UTTAR PRADESH,NORTH,M,SHAHJAHANPUR,242001,SHAHJAHANPUR,Adampur,M,"27.8988016,79.8630956",Permanent Address,parental,0,,551000,3.0,Poor,Jajpur,7.5,8.1,39.95895664503713,Average,1295.53,25.62 /31.43,Poor,180.77,19.47 /29.26,1071.97,25.75 /31.15,143.02,19.8 /31.06,336.68,19.39 /28.58,1.77,4.52,84.46,5.74,5.99,70.61,69.03,4.13,84.21,56.97,67.65,15.08,36.27,9.14,8.25,Red and lateritic Soils,[None],EASTERN PLATEAU (CHHOTANAGPUR) AND EASTERN GHATS  HOT SUBHUMID ECO-REGION,70.77,41.52,39.49,2.32,5.48,10.15,Red and lateritic Soils,[None],EASTERN PLATEAU (CHHOTANAGPUR) AND EASTERN GHATS  HOT SUBHUMID ECO-REGION,70.15,35.87,39.49,1.91,6.09,12.99,Red and lateritic Soils,[None],EASTERN PLATEAU (CHHOTANAGPUR) AND EASTERN GHATS  HOT SUBHUMID ECO-REGION,64.59,38.98,39.49,2.32,7.96,10.92,Red and lateritic Soils,[None],EASTERN PLATEAU (CHHOTANAGPUR) AND EASTERN GHATS  HOT SUBHUMID ECO-REGION,70.7,36.65,39.49,1.91,6.42,12.68,Red and lateritic Soils,[None],EASTERN PLATEAU (CHHOTANAGPUR) AND EASTERN GHATS  HOT SUBHUMID ECO-REGION,73.62,35.83,96.56,89.56,18.84,27.15,Red and lateritic Soils,[None],EASTERN PLATEAU (CHHOTANAGPUR) AND EASTERN GHATS  HOT SUBHUMID ECO-REGION,67.05,34.91,0.96,26.3489184610669,39.95895664503713,Average,0.0257525280149714,0.0,600000,8
8068005874402890,UTTAR PRADESH,NORTH,M,SHAHJAHANPUR,242001,SHAHJAHANPUR,Adampur,M,"27.8273998,79.9197482",Permanent Address,parental,0,,547000,3.0,Poor,Jajpur,7.5,8.1,39.95895664503713,Average,1295.53,25.62 /31.43,Poor,180.77,19.47 /29.26,1071.97,25.75 /31.15,143.02,19.8 /31.06,336.68,19.39 /28.58,1.77,4.52,84.46,5.74,5.99,70.61,69.03,4.13,84.21,56.97,67.65,15.08,36.27,9.14,8.25,Red and lateritic Soils,[None],EASTERN PLATEAU (CHHOTANAGPUR) AND EASTERN GHATS  HOT SUBHUMID ECO-REGION,70.77,41.52,39.49,2.32,5.48,10.15,Red and lateritic Soils,[None],EASTERN PLATEAU (CHHOTANAGPUR) AND EASTERN GHATS  HOT SUBHUMID ECO-REGION,70.15,35.87,39.49,1.91,6.09,12.99,Red and lateritic Soils,[None],EASTERN PLATEAU (CHHOTANAGPUR) AND EASTERN GHATS  HOT SUBHUMID ECO-REGION,64.59,38.98,39.49,2.32,7.96,10.92,Red and lateritic Soils,[None],EASTERN PLATEAU (CHHOTANAGPUR) AND EASTERN GHATS  HOT SUBHUMID ECO-REGION,70.7,36.65,39.49,1.91,6.42,12.68,Red and lateritic Soils,[None],EASTERN PLATEAU (CHHOTANAGPUR) AND EASTERN GHATS  HOT SUBHUMID ECO-REGION,73.62,35.83,96.56,89.56,18.84,27.15,Red and lateritic Soils,[None],EASTERN PLATEAU (CHHOTANAGPUR) AND EASTERN GHATS  HOT SUBHUMID ECO-REGION,67.05,34.91,0.96,26.3489184610669,39.95895664503713,Average,0.0257525280149714,0.0,600000,8
7284095505529560,MAHARASHTRA,WEST,M,SOLAPUR SOUTH,413219,SOLAPUR,Mhaisalage,S,"17.3659778,76.0039866",Permanent Address,parental,0,,0,10.0,Poor,Akkalkot,25.6,1.0,24.38021426199069,Poor,1053.86,22.49 /29.46,Poor,90.41,21.4 /32.42,733.61,22.4 /29.37,63.76,21.03 /32.87,172.01,21.79 /31.92,0.88,18.6,97.1,4.48,65.86,21.88,67.8,0.57,1242.16,1064.36,85.69,40.0,54.53,25.0,24.55,Shallow Black Soils (with medium and deep Black Soils as  inclusion),"['river, water']",DECCAN PLATU  HOT SEMI-ARID ECO-REGION,99.15,26.92,60.67,18.9,0.74,14.8,Shallow Black Soils (with medium and deep Black Soils as  inclusion),"['river, water']",DECCAN PLATU  HOT SEMI-ARID ECO-REGION,95.41,18.56,78.89,62.65,21.95,38.22,Shallow Black Soils (with medium and deep Black Soils as  inclusion),"['river, water']",DECCAN PLATU  HOT SEMI-ARID ECO-REGION,95.55,27.23,60.67,18.9,3.19,15.74,Shallow Black Soils (with medium and deep Black Soils as  inclusion),"['river, water']",DECCAN PLATU  HOT SEMI-ARID ECO-REGION,97.44,25.68,78.89,62.65,41.87,39.68,Shallow Black Soils (with medium and deep Black Soils as  inclusion),"['river, water']",DECCAN PLATU  HOT SEMI-ARID ECO-REGION,99.47,32.31,85.48,80.57,27.87,31.76,Shallow Black Soils (with medium and deep Black Soils as  inclusion),"['river, water']",DECCAN PLATU  HOT SEMI-ARID ECO-REGION,92.07,20.37,0.95,16.7362315570132,24.38021426199069,Poor,0.325906964211351,1.13,1500000,2
1515093647781510,MAHARASHTRA,WEST,M,SOLAPUR SOUTH,413219,SOLAPUR,Mhaisalage,S,"17.6641707,75.897064",Permanent Address,parental,1,497293.0,0,10.0,Poor,Akkalkot,25.6,1.0,24.38021426199069,Poor,1053.86,22.49 /29.46,Poor,90.41,21.4 /32.42,733.61,22.4 /29.37,63.76,21.03 /32.87,172.01,21.79 /31.92,0.88,18.6,97.1,4.48,65.86,21.88,67.8,0.57,1242.16,1064.36,85.69,40.0,54.53,25.0,24.55,Shallow Black Soils (with medium and deep Black Soils as  inclusion),"['river, water']",DECCAN PLATU  HOT SEMI-ARID ECO-REGION,99.15,26.92,60.67,18.9,0.74,14.8,Shallow Black Soils (with medium and deep Black Soils as  inclusion),"['river, water']",DECCAN PLATU  HOT SEMI-ARID ECO-REGION,95.41,18.56,78.89,62.65,21.95,38.22,Shallow Black Soils (with medium and deep Black Soils as  inclusion),"['river, water']",DECCAN PLATU  HOT SEMI-ARID ECO-REGION,95.55,27.23,60.67,18.9,3.19,15.74,Shallow Black Soils (with medium and deep Black Soils as  inclusion),"['river, water']",DECCAN PLATU  HOT SEMI-ARID ECO-REGION,97.44,25.68,78.89,62.65,41.87,39.68,Shallow Black Soils (with medium and deep Black Soils as  inclusion),"['river, water']",DECCAN PLATU  HOT SEMI-ARID ECO-REGION,99.47,32.31,85.48,80.57,27.87,31.76,Shallow Black Soils (with medium and deep Black Soils as  inclusion),"['river, water']",DECCAN PLATU  HOT SEMI-ARID ECO-REGION,92.07,20.37,0.95,16.7362315570132,24.38021426199069,Poor,0.325906964211351,1.13,1500000,2
2529594752653940,HARYANA,NORTH,M,PANIPAT,132103,PANIPAT,Panipat,M,"29.3694298,76.8763993",Permanent Address,parental,0,,0,16.0,Poor,Panipat,0.0,0.0,49.39558052253548,Average,763.86,24.11 /32.22,Poor,217.57,12.81 /25.22,1376.45,24.73 /32.79,271.19,12.58 /25.5,592.55,12.68 /23.87,2.97,5.7,99.6,6.04,1.3,90.63,79.3,2.98,3758.87,347.12,9.23,77.48,64.37,3.02,22.4,Alluvial-derived Soils (with saline phases),['water'],NORTHERN PLAIN (AND CENTRAL HIGHLANDS) INCLUDING ARAVALLIS  HOT SEMI-ARID EGO-REGION,43.38,10.5,79.28,68.75,2.7,17.38,Alluvial-derived Soils (with saline phases),['water'],NORTHERN PLAIN (AND CENTRAL HIGHLANDS) INCLUDING ARAVALLIS  HOT SEMI-ARID EGO-REGION,44.89,6.29,61.21,61.51,2.3,22.97,Alluvial-derived Soils (with saline phases),['water'],NORTHERN PLAIN (AND CENTRAL HIGHLANDS) INCLUDING ARAVALLIS  HOT SEMI-ARID EGO-REGION,41.04,4.99,79.28,68.75,2.85,17.1,Alluvial-derived Soils (with saline phases),['water'],NORTHERN PLAIN (AND CENTRAL HIGHLANDS) INCLUDING ARAVALLIS  HOT SEMI-ARID EGO-REGION,43.37,11.61,61.21,61.51,4.41,18.37,Alluvial-derived Soils (with saline phases),['water'],NORTHERN PLAIN (AND CENTRAL HIGHLANDS) INCLUDING ARAVALLIS  HOT SEMI-ARID EGO-REGION,43.38,8.49,44.22,54.66,2.91,10.98,Alluvial-derived Soils (with saline phases),['water'],NORTHERN PLAIN (AND CENTRAL HIGHLANDS) INCLUDING ARAVALLIS  HOT SEMI-ARID EGO-REGION,44.44,4.53,0.68,32.1716805644075,49.39558052253548,Average,0.855755244927643,8.22,1408000,4
4775323686325790,HARYANA,NORTH,M,PANIPAT,132103,PANIPAT,Panipat,M,"29.3481645,76.8876956",Permanent Address,parental,1,0.0,0,12.0,Poor,Panipat,0.0,0.0,49.39558052253548,Average,763.86,24.11 /32.22,Poor,217.57,12.81 /25.22,1376.45,24.73 /32.79,271.19,12.58 /25.5,592.55,12.68 /23.87,2.97,5.7,99.6,6.04,1.3,90.63,79.3,2.98,3758.87,347.12,9.23,77.48,64.37,3.02,22.4,Alluvial-derived Soils (with saline phases),['water'],NORTHERN PLAIN (AND CENTRAL HIGHLANDS) INCLUDING ARAVALLIS  HOT SEMI-ARID EGO-REGION,43.38,10.5,79.28,68.75,2.7,17.38,Alluvial-derived Soils (with saline phases),['water'],NORTHERN PLAIN (AND CENTRAL HIGHLANDS) INCLUDING ARAVALLIS  HOT SEMI-ARID EGO-REGION,44.89,6.29,61.21,61.51,2.3,22.97,Alluvial-derived Soils (with saline phases),['water'],NORTHERN PLAIN (AND CENTRAL HIGHLANDS) INCLUDING ARAVALLIS  HOT SEMI-ARID EGO-REGION,41.04,4.99,79.28,68.75,2.85,17.1,Alluvial-derived Soils (with saline phases),['water'],NORTHERN PLAIN (AND CENTRAL HIGHLANDS) INCLUDING ARAVALLIS  HOT SEMI-ARID EGO-REGION,43.37,11.61,61.21,61.51,4.41,18.37,Alluvial-derived Soils (with saline phases),['water'],NORTHERN PLAIN (AND CENTRAL HIGHLANDS) INCLUDING ARAVALLIS  HOT SEMI-ARID EGO-REGION,43.38,8.49,44.22,54.66,2.91,10.98,Alluvial-derived Soils (with saline phases),['water'],NORTHERN PLAIN (AND CENTRAL HIGHLANDS) INCLUDING ARAVALLIS  HOT SEMI-ARID EGO-REGION,44.44,4.53,0.68,32.1716805644075,49.39558052253548,Average,0.855755244927643,8.22,1056000,2
2690609607032690,HARYANA,NORTH,M,PANIPAT,132103,PANIPAT,Panipat,M,"29.274572,76.8623945",Permanent Address,parental,0,,438000,4.0,Poor,Panipat,0.0,0.0,49.39558052253548,Average,763.86,24.11 /32.22,Poor,217.57,12.81 /25.22,1376.45,24.73 /32.79,271.19,12.58 /25.5,592.55,12.68 /23.87,2.97,5.7,99.6,6.04,1.3,90.63,79.3,2.98,3758.87,347.12,9.23,77.48,64.37,3.02,22.4,Alluvial-derived Soils (with saline phases),['water'],NORTHERN PLAIN (AND CENTRAL HIGHLANDS) INCLUDING ARAVALLIS  HOT SEMI-ARID EGO-REGION,43.38,10.5,79.28,68.75,2.7,17.38,Alluvial-derived Soils (with saline phases),['water'],NORTHERN PLAIN (AND CENTRAL HIGHLANDS) INCLUDING ARAVALLIS  HOT SEMI-ARID EGO-REGION,44.89,6.29,61.21,61.51,2.3,22.97,Alluvial-derived Soils (with saline phases),['water'],NORTHERN PLAIN (AND CENTRAL HIGHLANDS) INCLUDING ARAVALLIS  HOT SEMI-ARID EGO-REGION,41.04,4.99,79.28,68.75,2.85,17.1,Alluvial-derived Soils (with saline phases),['water'],NORTHERN PLAIN (AND CENTRAL HIGHLANDS) INCLUDING ARAVALLIS  HOT SEMI-ARID EGO-REGION,43.37,11.61,61.21,61.51,4.41,18.37,Alluvial-derived Soils (with saline phases),['water'],NORTHERN PLAIN (AND CENTRAL HIGHLANDS) INCLUDING ARAVALLIS  HOT SEMI-ARID EGO-REGION,43.38,8.49,44.22,54.66,2.91,10.98,Alluvial-derived Soils (with saline phases),['water'],NORTHERN PLAIN (AND CENTRAL HIGHLANDS) INCLUDING ARAVALLIS  HOT SEMI-ARID EGO-REGION,44.44,4.53,0.68,32.1716805644075,49.39558052253548,Average,0.855755244927643,8.22,838000,3
6864346677357000,HARYANA,NORTH,M,PANIPAT,132107,PANIPAT,Ahar,M,"29.3040641,76.7407525",Permanent Address,parental,5,436711.6,0,22.0,Average,Israna,7.8,4.0,42.86875485342135,Poor,748.69,24.34 /32.47,Average,189.12,12.9 /25.39,1283.18,24.92 /33.06,265.03,12.58 /25.65,493.04,12.67 /23.97,3.68,5.7,99.6,13.72,0.83,96.36,79.3,7.34,1997.29,1337.62,66.97,96.12,44.53,23.94,39.04,Alluvial-derived Soils (with saline phases),[None],NORTHERN PLAIN (AND CENTRAL HIGHLANDS) INCLUDING ARAVALLIS  HOT SEMI-ARID EGO-REGION,43.18,10.21,95.19,89.32,33.04,37.5,Alluvial-derived Soils (with saline phases),[None],NORTHERN PLAIN (AND CENTRAL HIGHLANDS) INCLUDING ARAVALLIS  HOT SEMI-ARID EGO-REGION,44.83,6.24,81.76,82.27,30.34,45.16,Alluvial-derived Soils (with saline phases),[None],NORTHERN PLAIN (AND CENTRAL HIGHLANDS) INCLUDING ARAVALLIS  HOT SEMI-ARID EGO-REGION,40.67,4.68,95.19,89.32,32.59,35.44,Alluvial-derived Soils (with saline phases),[None],NORTHERN PLAIN (AND CENTRAL HIGHLANDS) INCLUDING ARAVALLIS  HOT SEMI-ARID EGO-REGION,43.39,12.08,81.76,82.27,39.17,40.16,Alluvial-derived Soils (with saline phases),[None],NORTHERN PLAIN (AND CENTRAL HIGHLANDS) INCLUDING ARAVALLIS  HOT SEMI-ARID EGO-REGION,42.78,7.98,86.64,87.23,25.18,31.63,Alluvial-derived Soils (with saline phases),[None],NORTHERN PLAIN (AND CENTRAL HIGHLANDS) INCLUDING ARAVALLIS  HOT SEMI-ARID EGO-REGION,43.87,4.31,0.95,28.144376556684,42.86875485342135,Poor,0.139209113398157,2.95,1936000,2
7389979462874850,HARYANA,NORTH,M,PANIPAT,132103,PANIPAT,Panipat,M,"29.3666002,76.9118662",Permanent Address,parental,2,548745.5,0,16.0,Poor,Panipat,0.0,0.0,49.39558052253548,Average,763.86,24.11 /32.22,Poor,217.57,12.81 /25.22,1376.45,24.73 /32.79,271.19,12.58 /25.5,592.55,12.68 /23.87,2.97,5.7,99.6,6.04,1.3,90.63,79.3,2.98,3758.87,347.12,9.23,77.48,64.37,3.02,22.4,Alluvial-derived Soils (with saline phases),['water'],NORTHERN PLAIN (AND CENTRAL HIGHLANDS) INCLUDING ARAVALLIS  HOT SEMI-ARID EGO-REGION,43.38,10.5,79.28,68.75,2.7,17.38,Alluvial-derived Soils (with saline phases),['water'],NORTHERN PLAIN (AND CENTRAL HIGHLANDS) INCLUDING ARAVALLIS  HOT SEMI-ARID EGO-REGION,44.89,6.29,61.21,61.51,2.3,22.97,Alluvial-derived Soils (with saline phases),['water'],NORTHERN PLAIN (AND CENTRAL HIGHLANDS) INCLUDING ARAVALLIS  HOT SEMI-ARID EGO-REGION,41.04,4.99,79.28,68.75,2.85,17.1,Alluvial-derived Soils (with saline phases),['water'],NORTHERN PLAIN (AND CENTRAL HIGHLANDS) INCLUDING ARAVALLIS  HOT SEMI-ARID EGO-REGION,43.37,11.61,61.21,61.51,4.41,18.37,Alluvial-derived Soils (with saline phases),['water'],NORTHERN PLAIN (AND CENTRAL HIGHLANDS) INCLUDING ARAVALLIS  HOT SEMI-ARID EGO-REGION,43.38,8.49,44.22,54.66,2.91,10.98,Alluvial-derived Soils (with saline phases),['water'],NORTHERN PLAIN (AND CENTRAL HIGHLANDS) INCLUDING ARAVALLIS  HOT SEMI-ARID EGO-REGION,44.44,4.53,0.68,32.1716805644075,49.39558052253548,Average,0.855755244927643,8.22,1408000,4
1672969619508690,HARYANA,NORTH,M,PANIPAT,132107,PANIPAT,Ahar,M,"29.2995102,76.7462108",Permanent Address,parental,0,,0,22.0,Average,Israna,7.8,4.0,42.86875485342135,Poor,748.69,24.34 /32.47,Average,189.12,12.9 /25.39,1283.18,24.92 /33.06,265.03,12.58 /25.65,493.04,12.67 /23.97,3.68,5.7,99.6,13.72,0.83,96.36,79.3,7.34,1997.29,1337.62,66.97,96.12,44.53,23.94,39.04,Alluvial-derived Soils (with saline phases),[None],NORTHERN PLAIN (AND CENTRAL HIGHLANDS) INCLUDING ARAVALLIS  HOT SEMI-ARID EGO-REGION,43.18,10.21,95.19,89.32,33.04,37.5,Alluvial-derived Soils (with saline phases),[None],NORTHERN PLAIN (AND CENTRAL HIGHLANDS) INCLUDING ARAVALLIS  HOT SEMI-ARID EGO-REGION,44.83,6.24,81.76,82.27,30.34,45.16,Alluvial-derived Soils (with saline phases),[None],NORTHERN PLAIN (AND CENTRAL HIGHLANDS) INCLUDING ARAVALLIS  HOT SEMI-ARID EGO-REGION,40.67,4.68,95.19,89.32,32.59,35.44,Alluvial-derived Soils (with saline phases),[None],NORTHERN PLAIN (AND CENTRAL HIGHLANDS) INCLUDING ARAVALLIS  HOT SEMI-ARID EGO-REGION,43.39,12.08,81.76,82.27,39.17,40.16,Alluvial-derived Soils (with saline phases),[None],NORTHERN PLAIN (AND CENTRAL HIGHLANDS) INCLUDING ARAVALLIS  HOT SEMI-ARID EGO-REGION,42.78,7.98,86.64,87.23,25.18,31.63,Alluvial-derived Soils (with saline phases),[None],NORTHERN PLAIN (AND CENTRAL HIGHLANDS) INCLUDING ARAVALLIS  HOT SEMI-ARID EGO-REGION,43.87,4.31,0.95,28.144376556684,42.86875485342135,Poor,0.139209113398157,2.95,1936000,2
4237707179363030,HARYANA,NORTH,M,PANIPAT,132103,PANIPAT,Panipat,M,"29.4180991,76.9154572",Permanent Address,parental,0,,0,12.0,Poor,Panipat,0.0,0.0,49.39558052253548,Average,763.86,24.11 /32.22,Poor,217.57,12.81 /25.22,1376.45,24.73 /32.79,271.19,12.58 /25.5,592.55,12.68 /23.87,2.97,5.7,99.6,6.04,1.3,90.63,79.3,2.98,3758.87,347.12,9.23,77.48,64.37,3.02,22.4,Alluvial-derived Soils (with saline phases),['water'],NORTHERN PLAIN (AND CENTRAL HIGHLANDS) INCLUDING ARAVALLIS  HOT SEMI-ARID EGO-REGION,43.38,10.5,79.28,68.75,2.7,17.38,Alluvial-derived Soils (with saline phases),['water'],NORTHERN PLAIN (AND CENTRAL HIGHLANDS) INCLUDING ARAVALLIS  HOT SEMI-ARID EGO-REGION,44.89,6.29,61.21,61.51,2.3,22.97,Alluvial-derived Soils (with saline phases),['water'],NORTHERN PLAIN (AND CENTRAL HIGHLANDS) INCLUDING ARAVALLIS  HOT SEMI-ARID EGO-REGION,41.04,4.99,79.28,68.75,2.85,17.1,Alluvial-derived Soils (with saline phases),['water'],NORTHERN PLAIN (AND CENTRAL HIGHLANDS) INCLUDING ARAVALLIS  HOT SEMI-ARID EGO-REGION,43.37,11.61,61.21,61.51,4.41,18.37,Alluvial-derived Soils (with saline phases),['water'],NORTHERN PLAIN (AND CENTRAL HIGHLANDS) INCLUDING ARAVALLIS  HOT SEMI-ARID EGO-REGION,43.38,8.49,44.22,54.66,2.91,10.98,Alluvial-derived Soils (with saline phases),['water'],NORTHERN PLAIN (AND CENTRAL HIGHLANDS) INCLUDING ARAVALLIS  HOT SEMI-ARID EGO-REGION,44.44,4.53,0.68,32.1716805644075,49.39558052253548,Average,0.855755244927643,8.22,1056000,2
7169384012482620,HARYANA,NORTH,M,PANIPAT,132103,PANIPAT,Panipat,M,"29.303396,76.9270139",Permanent Address,parental,0,,0,16.0,Poor,Panipat,0.0,0.0,49.39558052253548,Average,763.86,24.11 /32.22,Poor,217.57,12.81 /25.22,1376.45,24.73 /32.79,271.19,12.58 /25.5,592.55,12.68 /23.87,2.97,5.7,99.6,6.04,1.3,90.63,79.3,2.98,3758.87,347.12,9.23,77.48,64.37,3.02,22.4,Alluvial-derived Soils (with saline phases),['water'],NORTHERN PLAIN (AND CENTRAL HIGHLANDS) INCLUDING ARAVALLIS  HOT SEMI-ARID EGO-REGION,43.38,10.5,79.28,68.75,2.7,17.38,Alluvial-derived Soils (with saline phases),['water'],NORTHERN PLAIN (AND CENTRAL HIGHLANDS) INCLUDING ARAVALLIS  HOT SEMI-ARID EGO-REGION,44.89,6.29,61.21,61.51,2.3,22.97,Alluvial-derived Soils (with saline phases),['water'],NORTHERN PLAIN (AND CENTRAL HIGHLANDS) INCLUDING ARAVALLIS  HOT SEMI-ARID EGO-REGION,41.04,4.99,79.28,68.75,2.85,17.1,Alluvial-derived Soils (with saline phases),['water'],NORTHERN PLAIN (AND CENTRAL HIGHLANDS) INCLUDING ARAVALLIS  HOT SEMI-ARID EGO-REGION,43.37,11.61,61.21,61.51,4.41,18.37,Alluvial-derived Soils (with saline phases),['water'],NORTHERN PLAIN (AND CENTRAL HIGHLANDS) INCLUDING ARAVALLIS  HOT SEMI-ARID EGO-REGION,43.38,8.49,44.22,54.66,2.91,10.98,Alluvial-derived Soils (with saline phases),['water'],NORTHERN PLAIN (AND CENTRAL HIGHLANDS) INCLUDING ARAVALLIS  HOT SEMI-ARID EGO-REGION,44.44,4.53,0.68,32.1716805644075,49.39558052253548,Average,0.855755244927643,8.22,1408000,4
5131266814506940,HARYANA,NORTH,M,PANIPAT,132103,PANIPAT,Panipat,M,"29.3438301,76.6904164",Permanent Address,parental,1,74000.0,0,16.0,Poor,Panipat,0.0,0.0,49.39558052253548,Average,763.86,24.11 /32.22,Poor,217.57,12.81 /25.22,1376.45,24.73 /32.79,271.19,12.58 /25.5,592.55,12.68 /23.87,2.97,5.7,99.6,6.04,1.3,90.63,79.3,2.98,3758.87,347.12,9.23,77.48,64.37,3.02,22.4,Alluvial-derived Soils (with saline phases),['water'],NORTHERN PLAIN (AND CENTRAL HIGHLANDS) INCLUDING ARAVALLIS  HOT SEMI-ARID EGO-REGION,43.38,10.5,79.28,68.75,2.7,17.38,Alluvial-derived Soils (with saline phases),['water'],NORTHERN PLAIN (AND CENTRAL HIGHLANDS) INCLUDING ARAVALLIS  HOT SEMI-ARID EGO-REGION,44.89,6.29,61.21,61.51,2.3,22.97,Alluvial-derived Soils (with saline phases),['water'],NORTHERN PLAIN (AND CENTRAL HIGHLANDS) INCLUDING ARAVALLIS  HOT SEMI-ARID EGO-REGION,41.04,4.99,79.28,68.75,2.85,17.1,Alluvial-derived Soils (with saline phases),['water'],NORTHERN PLAIN (AND CENTRAL HIGHLANDS) INCLUDING ARAVALLIS  HOT SEMI-ARID EGO-REGION,43.37,11.61,61.21,61.51,4.41,18.37,Alluvial-derived Soils (with saline phases),['water'],NORTHERN PLAIN (AND CENTRAL HIGHLANDS) INCLUDING ARAVALLIS  HOT SEMI-ARID EGO-REGION,43.38,8.49,44.22,54.66,2.91,10.98,Alluvial-derived Soils (with saline phases),['water'],NORTHERN PLAIN (AND CENTRAL HIGHLANDS) INCLUDING ARAVALLIS  HOT SEMI-ARID EGO-REGION,44.44,4.53,0.68,32.1716805644075,49.39558052253548,Average,0.855755244927643,8.22,1408000,4
1564258632635600,HARYANA,NORTH,M,PANIPAT,132103,PANIPAT,Panipat,M,"29.40417,76.943302",Permanent Address,parental,0,,438000,4.0,Poor,Panipat,0.0,0.0,49.39558052253548,Average,763.86,24.11 /32.22,Poor,217.57,12.81 /25.22,1376.45,24.73 /32.79,271.19,12.58 /25.5,592.55,12.68 /23.87,2.97,5.7,99.6,6.04,1.3,90.63,79.3,2.98,3758.87,347.12,9.23,77.48,64.37,3.02,22.4,Alluvial-derived Soils (with saline phases),['water'],NORTHERN PLAIN (AND CENTRAL HIGHLANDS) INCLUDING ARAVALLIS  HOT SEMI-ARID EGO-REGION,43.38,10.5,79.28,68.75,2.7,17.38,Alluvial-derived Soils (with saline phases),['water'],NORTHERN PLAIN (AND CENTRAL HIGHLANDS) INCLUDING ARAVALLIS  HOT SEMI-ARID EGO-REGION,44.89,6.29,61.21,61.51,2.3,22.97,Alluvial-derived Soils (with saline phases),['water'],NORTHERN PLAIN (AND CENTRAL HIGHLANDS) INCLUDING ARAVALLIS  HOT SEMI-ARID EGO-REGION,41.04,4.99,79.28,68.75,2.85,17.1,Alluvial-derived Soils (with saline phases),['water'],NORTHERN PLAIN (AND CENTRAL HIGHLANDS) INCLUDING ARAVALLIS  HOT SEMI-ARID EGO-REGION,43.37,11.61,61.21,61.51,4.41,18.37,Alluvial-derived Soils (with saline phases),['water'],NORTHERN PLAIN (AND CENTRAL HIGHLANDS) INCLUDING ARAVALLIS  HOT SEMI-ARID EGO-REGION,43.38,8.49,44.22,54.66,2.91,10.98,Alluvial-derived Soils (with saline phases),['water'],NORTHERN PLAIN (AND CENTRAL HIGHLANDS) INCLUDING ARAVALLIS  HOT SEMI-ARID EGO-REGION,44.44,4.53,0.68,32.1716805644075,49.39558052253548,Average,0.855755244927643,8.22,838000,3
7849317622938310,HARYANA,NORTH,M,PANIPAT,132103,PANIPAT,Panipat,M,"29.3924399,76.8018195",Permanent Address,parental,0,,438000,4.0,Poor,Panipat,0.0,0.0,49.39558052253548,Average,763.86,24.11 /32.22,Poor,217.57,12.81 /25.22,1376.45,24.73 /32.79,271.19,12.58 /25.5,592.55,12.68 /23.87,2.97,5.7,99.6,6.04,1.3,90.63,79.3,2.98,3758.87,347.12,9.23,77.48,64.37,3.02,22.4,Alluvial-derived Soils (with saline phases),['water'],NORTHERN PLAIN (AND CENTRAL HIGHLANDS) INCLUDING ARAVALLIS  HOT SEMI-ARID EGO-REGION,43.38,10.5,79.28,68.75,2.7,17.38,Alluvial-derived Soils (with saline phases),['water'],NORTHERN PLAIN (AND CENTRAL HIGHLANDS) INCLUDING ARAVALLIS  HOT SEMI-ARID EGO-REGION,44.89,6.29,61.21,61.51,2.3,22.97,Alluvial-derived Soils (with saline phases),['water'],NORTHERN PLAIN (AND CENTRAL HIGHLANDS) INCLUDING ARAVALLIS  HOT SEMI-ARID EGO-REGION,41.04,4.99,79.28,68.75,2.85,17.1,Alluvial-derived Soils (with saline phases),['water'],NORTHERN PLAIN (AND CENTRAL HIGHLANDS) INCLUDING ARAVALLIS  HOT SEMI-ARID EGO-REGION,43.37,11.61,61.21,61.51,4.41,18.37,Alluvial-derived Soils (with saline phases),['water'],NORTHERN PLAIN (AND CENTRAL HIGHLANDS) INCLUDING ARAVALLIS  HOT SEMI-ARID EGO-REGION,43.38,8.49,44.22,54.66,2.91,10.98,Alluvial-derived Soils (with saline phases),['water'],NORTHERN PLAIN (AND CENTRAL HIGHLANDS) INCLUDING ARAVALLIS  HOT SEMI-ARID EGO-REGION,44.44,4.53,0.68,32.1716805644075,49.39558052253548,Average,0.855755244927643,8.22,838000,3
1653299774441740,MADHYA PRADESH,CENTRAL,M,JAWAD,458330,NEEMUCH,Amarpura,M,"24.64221,74.8207017",Permanent Address,parental,0,,100000,5.0,Poor,Gulabganj,24.0,23.7,25.14096488270879,Poor,1805.08,23.21 /30.56,Poor,66.25,15.38 /28.12,1254.41,23.32 /30.13,234.05,15.57 /28.86,76.09,15.29 /27.15,1.94,4.1,99.6,2.74,10.46,11.65,68.9,7.08,345.11,283.41,82.12,70.83,45.65,29.18,31.96,Deep Black soils (with shallow and medium Black Soils as inclusion),[None],CENTRAL HIGHLANDS (MALWA AND BUNDELKHAND)  HOT SUBHUMID (DRY) ECO-REGION,97.75,27.86,84.06,83.18,22.12,27.29,Deep Black soils (with shallow and medium Black Soils as inclusion),[None],CENTRAL HIGHLANDS (MALWA AND BUNDELKHAND)  HOT SUBHUMID (DRY) ECO-REGION,93.01,17.15,95.71,15.52,12.02,31.67,Deep Black soils (with shallow and medium Black Soils as inclusion),[None],CENTRAL HIGHLANDS (MALWA AND BUNDELKHAND)  HOT SUBHUMID (DRY) ECO-REGION,91.46,16.58,84.06,83.18,16.11,23.42,Deep Black soils (with shallow and medium Black Soils as inclusion),[None],CENTRAL HIGHLANDS (MALWA AND BUNDELKHAND)  HOT SUBHUMID (DRY) ECO-REGION,96.15,30.28,32.87,48.53,18.48,16.93,Deep Black soils (with shallow and medium Black Soils as inclusion),[None],CENTRAL HIGHLANDS (MALWA AND BUNDELKHAND)  HOT SUBHUMID (DRY) ECO-REGION,95.39,21.94,89.95,68.92,34.42,33.14,Deep Black soils (with shallow and medium Black Soils as inclusion),[None],CENTRAL HIGHLANDS (MALWA AND BUNDELKHAND)  HOT SUBHUMID (DRY) ECO-REGION,98.23,25.6,0.94,17.2056441289154,25.14096488270879,Poor,0.225774329233318,0.0,500000,2
1284125889704550,MADHYA PRADESH,CENTRAL,M,MANASA,458113,NEEMUCH,Achalpura,M,"24.34703,75.28342",Permanent Address,parental,1,800000.0,100000,5.0,Average,Manasa,7.1,17.6,40.32381073737152,Average,1641.98,23.23 /31.01,Average,245.04,15.26 /27.63,1183.33,23.29 /30.4,48.92,16.04 /29.26,109.04,15.62 /27.36,0.77,4.15,99.6,2.65,8.63,30.19,69.04,7.16,538.32,420.42,78.1,95.4,95.31,48.75,47.54,Deep Black soils (with shallow and medium Black Soils as inclusion),[None],CENTRAL HIGHLANDS ( MALWA )  GUJARAT PLAIN AND KATHIAWAR PENINSULA  SEMI-ARID ECO-REGION,69.14,21.9,90.46,88.43,43.43,38.91,Deep Black soils (with shallow and medium Black Soils as inclusion),[None],CENTRAL HIGHLANDS ( MALWA )  GUJARAT PLAIN AND KATHIAWAR PENINSULA  SEMI-ARID ECO-REGION,70.82,18.79,33.09,43.59,24.03,24.03,Deep Black soils (with shallow and medium Black Soils as inclusion),[None],CENTRAL HIGHLANDS ( MALWA )  GUJARAT PLAIN AND KATHIAWAR PENINSULA  SEMI-ARID ECO-REGION,69.02,14.44,90.46,88.43,1.67,18.92,Deep Black soils (with shallow and medium Black Soils as inclusion),[None],CENTRAL HIGHLANDS ( MALWA )  GUJARAT PLAIN AND KATHIAWAR PENINSULA  SEMI-ARID ECO-REGION,72.24,27.04,33.09,43.59,9.57,13.46,Deep Black soils (with shallow and medium Black Soils as inclusion),[None],CENTRAL HIGHLANDS ( MALWA )  GUJARAT PLAIN AND KATHIAWAR PENINSULA  SEMI-ARID ECO-REGION,68.6,20.3,93.78,95.05,50.5,41.42,Deep Black soils (with shallow and medium Black Soils as inclusion),[None],CENTRAL HIGHLANDS ( MALWA )  GUJARAT PLAIN AND KATHIAWAR PENINSULA  SEMI-ARID ECO-REGION,73.42,27.87,0.95,26.5740475548691,40.32381073737152,Average,0.255152574466536,0.0,500000,2
1247578694018720,MADHYA PRADESH,CENTRAL,M,JAWAD,458330,NEEMUCH,Amarpura,M,"24.5988663,74.8602575",Permanent Address,parental,2,305000.0,100000,5.0,Poor,Gulabganj,24.0,23.7,25.14096488270879,Poor,1805.08,23.21 /30.56,Poor,66.25,15.38 /28.12,1254.41,23.32 /30.13,234.05,15.57 /28.86,76.09,15.29 /27.15,1.94,4.1,99.6,2.74,10.46,11.65,68.9,7.08,345.11,283.41,82.12,70.83,45.65,29.18,31.96,Deep Black soils (with shallow and medium Black Soils as inclusion),[None],CENTRAL HIGHLANDS (MALWA AND BUNDELKHAND)  HOT SUBHUMID (DRY) ECO-REGION,97.75,27.86,84.06,83.18,22.12,27.29,Deep Black soils (with shallow and medium Black Soils as inclusion),[None],CENTRAL HIGHLANDS (MALWA AND BUNDELKHAND)  HOT SUBHUMID (DRY) ECO-REGION,93.01,17.15,95.71,15.52,12.02,31.67,Deep Black soils (with shallow and medium Black Soils as inclusion),[None],CENTRAL HIGHLANDS (MALWA AND BUNDELKHAND)  HOT SUBHUMID (DRY) ECO-REGION,91.46,16.58,84.06,83.18,16.11,23.42,Deep Black soils (with shallow and medium Black Soils as inclusion),[None],CENTRAL HIGHLANDS (MALWA AND BUNDELKHAND)  HOT SUBHUMID (DRY) ECO-REGION,96.15,30.28,32.87,48.53,18.48,16.93,Deep Black soils (with shallow and medium Black Soils as inclusion),[None],CENTRAL HIGHLANDS (MALWA AND BUNDELKHAND)  HOT SUBHUMID (DRY) ECO-REGION,95.39,21.94,89.95,68.92,34.42,33.14,Deep Black soils (with shallow and medium Black Soils as inclusion),[None],CENTRAL HIGHLANDS (MALWA AND BUNDELKHAND)  HOT SUBHUMID (DRY) ECO-REGION,98.23,25.6,0.94,17.2056441289154,25.14096488270879,Poor,0.225774329233318,0.0,500000,2
1872949301002750,MADHYA PRADESH,CENTRAL,M,SINGOLI,458228,NEEMUCH,Badi,M,"25.00900900900901,75.21414032588534",Permanent Address,parental,0,,100000,5.0,Poor,Bijolia,15.1,19.4,33.6123585976694,Poor,1406.87,23.11 /30.92,Poor,234.84,14.53 /26.97,953.09,23.35 /30.68,20.38,15.5 /28.99,79.57,14.98 /26.89,2.13,4.1,99.6,6.4,3.87,10.21,68.9,4.79,1661.92,453.21,27.27,50.36,63.2,15.46,21.29,Deep Black soils (with shallow and medium Black Soils as inclusion),[None],CENTRAL HIGHLANDS ( MALWA )  GUJARAT PLAIN AND KATHIAWAR PENINSULA  SEMI-ARID ECO-REGION,51.42,22.9,51.14,28.71,12.07,16.66,Deep Black soils (with shallow and medium Black Soils as inclusion),[None],CENTRAL HIGHLANDS ( MALWA )  GUJARAT PLAIN AND KATHIAWAR PENINSULA  SEMI-ARID ECO-REGION,52.34,18.67,23.25,28.89,5.48,12.15,Deep Black soils (with shallow and medium Black Soils as inclusion),[None],CENTRAL HIGHLANDS ( MALWA )  GUJARAT PLAIN AND KATHIAWAR PENINSULA  SEMI-ARID ECO-REGION,50.17,14.88,51.14,28.71,0.89,11.27,Deep Black soils (with shallow and medium Black Soils as inclusion),[None],CENTRAL HIGHLANDS ( MALWA )  GUJARAT PLAIN AND KATHIAWAR PENINSULA  SEMI-ARID ECO-REGION,54.41,26.91,23.25,28.89,7.73,10.3,Deep Black soils (with shallow and medium Black Soils as inclusion),[None],CENTRAL HIGHLANDS ( MALWA )  GUJARAT PLAIN AND KATHIAWAR PENINSULA  SEMI-ARID ECO-REGION,50.52,21.02,30.84,36.46,5.05,9.54,Deep Black soils (with shallow and medium Black Soils as inclusion),[None],CENTRAL HIGHLANDS ( MALWA )  GUJARAT PLAIN AND KATHIAWAR PENINSULA  SEMI-ARID ECO-REGION,56.1,29.57,0.95,22.4328218702653,33.6123585976694,Poor,0.410862411270364,0.0,500000,2
1509148006367760,MADHYA PRADESH,CENTRAL,M,MANASA,458113,NEEMUCH,Achalpura,M,"24.4619142,74.8773305",Current Address,parental,0,,100000,5.0,Average,Manasa,7.1,17.6,40.32381073737152,Average,1641.98,23.23 /31.01,Average,245.04,15.26 /27.63,1183.33,23.29 /30.4,48.92,16.04 /29.26,109.04,15.62 /27.36,0.77,4.15,99.6,2.65,8.63,30.19,69.04,7.16,538.32,420.42,78.1,95.4,95.31,48.75,47.54,Deep Black soils (with shallow and medium Black Soils as inclusion),[None],CENTRAL HIGHLANDS ( MALWA )  GUJARAT PLAIN AND KATHIAWAR PENINSULA  SEMI-ARID ECO-REGION,69.14,21.9,90.46,88.43,43.43,38.91,Deep Black soils (with shallow and medium Black Soils as inclusion),[None],CENTRAL HIGHLANDS ( MALWA )  GUJARAT PLAIN AND KATHIAWAR PENINSULA  SEMI-ARID ECO-REGION,70.82,18.79,33.09,43.59,24.03,24.03,Deep Black soils (with shallow and medium Black Soils as inclusion),[None],CENTRAL HIGHLANDS ( MALWA )  GUJARAT PLAIN AND KATHIAWAR PENINSULA  SEMI-ARID ECO-REGION,69.02,14.44,90.46,88.43,1.67,18.92,Deep Black soils (with shallow and medium Black Soils as inclusion),[None],CENTRAL HIGHLANDS ( MALWA )  GUJARAT PLAIN AND KATHIAWAR PENINSULA  SEMI-ARID ECO-REGION,72.24,27.04,33.09,43.59,9.57,13.46,Deep Black soils (with shallow and medium Black Soils as inclusion),[None],CENTRAL HIGHLANDS ( MALWA )  GUJARAT PLAIN AND KATHIAWAR PENINSULA  SEMI-ARID ECO-REGION,68.6,20.3,93.78,95.05,50.5,41.42,Deep Black soils (with shallow and medium Black Soils as inclusion),[None],CENTRAL HIGHLANDS ( MALWA )  GUJARAT PLAIN AND KATHIAWAR PENINSULA  SEMI-ARID ECO-REGION,73.42,27.87,0.95,26.5740475548691,40.32381073737152,Average,0.255152574466536,0.0,500000,2
5398087027218890,MADHYA PRADESH,CENTRAL,M,SINGOLI,458228,NEEMUCH,Badi,M,"24.9731766,75.2810384",Current Address,parental,0,,100000,5.0,Poor,Bijolia,15.1,19.4,33.6123585976694,Poor,1406.87,23.11 /30.92,Poor,234.84,14.53 /26.97,953.09,23.35 /30.68,20.38,15.5 /28.99,79.57,14.98 /26.89,2.13,4.1,99.6,6.4,3.87,10.21,68.9,4.79,1661.92,453.21,27.27,50.36,63.2,15.46,21.29,Deep Black soils (with shallow and medium Black Soils as inclusion),[None],CENTRAL HIGHLANDS ( MALWA )  GUJARAT PLAIN AND KATHIAWAR PENINSULA  SEMI-ARID ECO-REGION,51.42,22.9,51.14,28.71,12.07,16.66,Deep Black soils (with shallow and medium Black Soils as inclusion),[None],CENTRAL HIGHLANDS ( MALWA )  GUJARAT PLAIN AND KATHIAWAR PENINSULA  SEMI-ARID ECO-REGION,52.34,18.67,23.25,28.89,5.48,12.15,Deep Black soils (with shallow and medium Black Soils as inclusion),[None],CENTRAL HIGHLANDS ( MALWA )  GUJARAT PLAIN AND KATHIAWAR PENINSULA  SEMI-ARID ECO-REGION,50.17,14.88,51.14,28.71,0.89,11.27,Deep Black soils (with shallow and medium Black Soils as inclusion),[None],CENTRAL HIGHLANDS ( MALWA )  GUJARAT PLAIN AND KATHIAWAR PENINSULA  SEMI-ARID ECO-REGION,54.41,26.91,23.25,28.89,7.73,10.3,Deep Black soils (with shallow and medium Black Soils as inclusion),[None],CENTRAL HIGHLANDS ( MALWA )  GUJARAT PLAIN AND KATHIAWAR PENINSULA  SEMI-ARID ECO-REGION,50.52,21.02,30.84,36.46,5.05,9.54,Deep Black soils (with shallow and medium Black Soils as inclusion),[None],CENTRAL HIGHLANDS ( MALWA )  GUJARAT PLAIN AND KATHIAWAR PENINSULA  SEMI-ARID ECO-REGION,56.1,29.57,0.95,22.4328218702653,33.6123585976694,Poor,0.410862411270364,0.0,500000,2
4638802373672430,MADHYA PRADESH,CENTRAL,M,MAUGANJ,486331,REWA,Bahuti,S,"24.6939083,81.9611017",Permanent Address,parental,1,200000.0,243000,5.0,Poor,Hanumana,20.1,57.6,29.03196136585274,Poor,1226.61,24.65 /31.81,Poor,131.73,15.21 /28.19,1009.91,24.51 /30.84,103.04,15.35 /28.72,283.57,15.1 /26.62,4.96,4.8,96.5,6.79,0.86,17.14,46.1,2.58,468.62,246.94,52.7,69.43,67.1,12.46,24.26,Mixed Red and Black Soils,['water'],CENTRAL HIGHLANDS (MALWA AND BUNDELKHAND)  HOT SUBHUMID (DRY) ECO-REGION,71.74,19.95,50.68,56.35,24.06,21.73,Mixed Red and Black Soils,['water'],CENTRAL HIGHLANDS (MALWA AND BUNDELKHAND)  HOT SUBHUMID (DRY) ECO-REGION,74.26,16.09,39.84,56.63,19.21,24.3,Mixed Red and Black Soils,['water'],CENTRAL HIGHLANDS (MALWA AND BUNDELKHAND)  HOT SUBHUMID (DRY) ECO-REGION,71.18,15.46,50.68,56.35,20.89,19.05,Mixed Red and Black Soils,['water'],CENTRAL HIGHLANDS (MALWA AND BUNDELKHAND)  HOT SUBHUMID (DRY) ECO-REGION,77.5,23.67,39.84,56.63,37.98,25.95,Mixed Red and Black Soils,['water'],CENTRAL HIGHLANDS (MALWA AND BUNDELKHAND)  HOT SUBHUMID (DRY) ECO-REGION,78.29,22.84,52.0,47.46,21.34,20.08,Mixed Red and Black Soils,['water'],CENTRAL HIGHLANDS (MALWA AND BUNDELKHAND)  HOT SUBHUMID (DRY) ECO-REGION,74.95,18.23,0.89,19.6065395296854,29.03196136585274,Poor,0.378788808442754,6.25,1000000,3
4100191820001750,MADHYA PRADESH,CENTRAL,M,MAUGANJ,486331,REWA,Bahuti,M,"24.725675,81.8195233",Permanent Address,parental,0,,245000,5.0,Poor,Hanumana,20.1,57.6,29.03196136585274,Poor,1226.61,24.65 /31.81,Poor,131.73,15.21 /28.19,1009.91,24.51 /30.84,103.04,15.35 /28.72,283.57,15.1 /26.62,4.96,4.8,96.5,6.79,0.86,17.14,46.1,2.58,468.62,246.94,52.7,69.43,67.1,12.46,24.26,Mixed Red and Black Soils,['water'],CENTRAL HIGHLANDS (MALWA AND BUNDELKHAND)  HOT SUBHUMID (DRY) ECO-REGION,71.74,19.95,50.68,56.35,24.06,21.73,Mixed Red and Black Soils,['water'],CENTRAL HIGHLANDS (MALWA AND BUNDELKHAND)  HOT SUBHUMID (DRY) ECO-REGION,74.26,16.09,39.84,56.63,19.21,24.3,Mixed Red and Black Soils,['water'],CENTRAL HIGHLANDS (MALWA AND BUNDELKHAND)  HOT SUBHUMID (DRY) ECO-REGION,71.18,15.46,50.68,56.35,20.89,19.05,Mixed Red and Black Soils,['water'],CENTRAL HIGHLANDS (MALWA AND BUNDELKHAND)  HOT SUBHUMID (DRY) ECO-REGION,77.5,23.67,39.84,56.63,37.98,25.95,Mixed Red and Black Soils,['water'],CENTRAL HIGHLANDS (MALWA AND BUNDELKHAND)  HOT SUBHUMID (DRY) ECO-REGION,78.29,22.84,52.0,47.46,21.34,20.08,Mixed Red and Black Soils,['water'],CENTRAL HIGHLANDS (MALWA AND BUNDELKHAND)  HOT SUBHUMID (DRY) ECO-REGION,74.95,18.23,0.89,19.6065395296854,29.03196136585274,Poor,0.378788808442754,6.25,1000000,3
9089054840291770,MADHYA PRADESH,CENTRAL,M,MAUGANJ,486331,REWA,Bahuti,S,"24.7484181,81.8493247",Permanent Address,parental,0,,243500,5.0,Poor,Hanumana,20.1,57.6,29.03196136585274,Poor,1226.61,24.65 /31.81,Poor,131.73,15.21 /28.19,1009.91,24.51 /30.84,103.04,15.35 /28.72,283.57,15.1 /26.62,4.96,4.8,96.5,6.79,0.86,17.14,46.1,2.58,468.62,246.94,52.7,69.43,67.1,12.46,24.26,Mixed Red and Black Soils,['water'],CENTRAL HIGHLANDS (MALWA AND BUNDELKHAND)  HOT SUBHUMID (DRY) ECO-REGION,71.74,19.95,50.68,56.35,24.06,21.73,Mixed Red and Black Soils,['water'],CENTRAL HIGHLANDS (MALWA AND BUNDELKHAND)  HOT SUBHUMID (DRY) ECO-REGION,74.26,16.09,39.84,56.63,19.21,24.3,Mixed Red and Black Soils,['water'],CENTRAL HIGHLANDS (MALWA AND BUNDELKHAND)  HOT SUBHUMID (DRY) ECO-REGION,71.18,15.46,50.68,56.35,20.89,19.05,Mixed Red and Black Soils,['water'],CENTRAL HIGHLANDS (MALWA AND BUNDELKHAND)  HOT SUBHUMID (DRY) ECO-REGION,77.5,23.67,39.84,56.63,37.98,25.95,Mixed Red and Black Soils,['water'],CENTRAL HIGHLANDS (MALWA AND BUNDELKHAND)  HOT SUBHUMID (DRY) ECO-REGION,78.29,22.84,52.0,47.46,21.34,20.08,Mixed Red and Black Soils,['water'],CENTRAL HIGHLANDS (MALWA AND BUNDELKHAND)  HOT SUBHUMID (DRY) ECO-REGION,74.95,18.23,0.89,19.6065395296854,29.03196136585274,Poor,0.378788808442754,6.25,1000000,3
1013948831239030,MADHYA PRADESH,CENTRAL,M,BARELA,483001,JABALPUR,Barela,M,"23.1144783,80.1321933",Permanent Address,parental,0,,0,15.0,Poor,Lakhnadon,12.3,30.2,35.43218730349307,Average,1803.33,22.97 /29.56,Poor,144.11,16.75 /29,750.86,22.9 /29.1,116.83,16.95 /29.75,386.93,16.14 /27.38,5.76,13.6,99.7,0.92,7.84,64.02,61.9,0.19,349.65,184.76,52.84,51.27,84.73,13.19,19.9,Mixed Red and Black Soils,[None],CENTRAL HIGHLANDS (MALWA AND BUNDELKHAND)  HOT SUBHUMID (DRY) ECO-REGION,103.91,30.99,47.81,47.44,10.49,14.6,Mixed Red and Black Soils,[None],CENTRAL HIGHLANDS (MALWA AND BUNDELKHAND)  HOT SUBHUMID (DRY) ECO-REGION,95.58,14.46,49.81,60.81,5.3,20.89,Mixed Red and Black Soils,[None],CENTRAL HIGHLANDS (MALWA AND BUNDELKHAND)  HOT SUBHUMID (DRY) ECO-REGION,95.2,20.7,47.81,47.44,12.08,14.62,Mixed Red and Black Soils,[None],CENTRAL HIGHLANDS (MALWA AND BUNDELKHAND)  HOT SUBHUMID (DRY) ECO-REGION,96.17,22.59,29.68,41.56,3.97,10.08,Mixed Red and Black Soils,[None],CENTRAL HIGHLANDS (MALWA AND BUNDELKHAND)  HOT SUBHUMID (DRY) ECO-REGION,107.21,27.25,41.19,52.82,30.42,21.85,Mixed Red and Black Soils,[None],CENTRAL HIGHLANDS (MALWA AND BUNDELKHAND)  HOT SUBHUMID (DRY) ECO-REGION,103.57,19.03,0.92,23.5557266040344,35.43218730349307,Average,0.453154125380163,0.0,898000,2
4506530728479130,MADHYA PRADESH,CENTRAL,M,RITHI,483440,KATNI,Badkhera,M,"23.6691232,80.2810818",Permanent Address,parental,1,890693.0,0,10.0,Poor,Katni,16.3,0.0,32.31128395522728,Poor,1336.49,23.3 /30.25,Poor,52.16,15.52 /28.37,1051.88,23.5 /29.97,187.24,16.21 /29.7,214.77,15.62 /27.63,0.65,1.7,97.9,3.27,0.65,23.73,53.5,2.39,743.79,455.07,61.18,68.83,80.01,17.98,26.97,Deep Black soils (with shallow and medium Black Soils as inclusion),[None],CENTRAL HIGHLANDS (MALWA AND BUNDELKHAND)  HOT SUBHUMID (DRY) ECO-REGION,95.19,21.33,69.35,73.0,23.91,25.57,Deep Black soils (with shallow and medium Black Soils as inclusion),[None],CENTRAL HIGHLANDS (MALWA AND BUNDELKHAND)  HOT SUBHUMID (DRY) ECO-REGION,91.64,12.57,57.03,60.03,30.93,34.45,Deep Black soils (with shallow and medium Black Soils as inclusion),[None],CENTRAL HIGHLANDS (MALWA AND BUNDELKHAND)  HOT SUBHUMID (DRY) ECO-REGION,90.22,14.64,69.35,73.0,32.95,27.99,Deep Black soils (with shallow and medium Black Soils as inclusion),[None],CENTRAL HIGHLANDS (MALWA AND BUNDELKHAND)  HOT SUBHUMID (DRY) ECO-REGION,92.45,18.78,57.03,60.03,7.69,18.67,Deep Black soils (with shallow and medium Black Soils as inclusion),[None],CENTRAL HIGHLANDS (MALWA AND BUNDELKHAND)  HOT SUBHUMID (DRY) ECO-REGION,95.83,20.84,54.19,57.05,19.81,20.24,Deep Black soils (with shallow and medium Black Soils as inclusion),[None],CENTRAL HIGHLANDS (MALWA AND BUNDELKHAND)  HOT SUBHUMID (DRY) ECO-REGION,94.14,17.47,0.95,21.6300084679325,32.31128395522728,Poor,0.230877645747073,0.0,598000,2
7185266678603000,MADHYA PRADESH,CENTRAL,M,BARELA,483001,JABALPUR,Barela,M,"23.136645,80.0810136",Permanent Address,parental,2,225000.0,0,15.0,Poor,Lakhnadon,12.3,30.2,35.43218730349307,Average,1803.33,22.97 /29.56,Poor,144.11,16.75 /29,750.86,22.9 /29.1,116.83,16.95 /29.75,386.93,16.14 /27.38,5.76,13.6,99.7,0.92,7.84,64.02,61.9,0.19,349.65,184.76,52.84,51.27,84.73,13.19,19.9,Mixed Red and Black Soils,[None],CENTRAL HIGHLANDS (MALWA AND BUNDELKHAND)  HOT SUBHUMID (DRY) ECO-REGION,103.91,30.99,47.81,47.44,10.49,14.6,Mixed Red and Black Soils,[None],CENTRAL HIGHLANDS (MALWA AND BUNDELKHAND)  HOT SUBHUMID (DRY) ECO-REGION,95.58,14.46,49.81,60.81,5.3,20.89,Mixed Red and Black Soils,[None],CENTRAL HIGHLANDS (MALWA AND BUNDELKHAND)  HOT SUBHUMID (DRY) ECO-REGION,95.2,20.7,47.81,47.44,12.08,14.62,Mixed Red and Black Soils,[None],CENTRAL HIGHLANDS (MALWA AND BUNDELKHAND)  HOT SUBHUMID (DRY) ECO-REGION,96.17,22.59,29.68,41.56,3.97,10.08,Mixed Red and Black Soils,[None],CENTRAL HIGHLANDS (MALWA AND BUNDELKHAND)  HOT SUBHUMID (DRY) ECO-REGION,107.21,27.25,41.19,52.82,30.42,21.85,Mixed Red and Black Soils,[None],CENTRAL HIGHLANDS (MALWA AND BUNDELKHAND)  HOT SUBHUMID (DRY) ECO-REGION,103.57,19.03,0.92,23.5557266040344,35.43218730349307,Average,0.453154125380163,0.0,898000,2
8975273493759790,MADHYA PRADESH,CENTRAL,M,JABALPUR,482003,JABALPUR,Ahmadpur,M,"22.9801733,79.6525233",Permanent Address,parental,1,43100.0,100000,20.0,Poor,Shahpura(Jabalpur),9.5,4.8,39.56779079017363,Average,1618.18,23.41 /30.45,Poor,74.23,15.96 /28.85,904.0,23.46 /30,105.12,16.45 /29.94,284.18,16.18 /28.19,3.7,13.37,99.69,2.52,4.57,51.27,61.75,3.26,205.28,140.87,68.62,52.71,65.62,22.22,24.01,Deep Black soils (with shallow and medium Black Soils as inclusion),"['reservoir, water']",CENTRAL HIGHLANDS (MALWA AND BUNDELKHAND)  HOT SUBHUMID (DRY) ECO-REGION,99.1,27.41,96.98,75.91,28.61,32.33,Deep Black soils (with shallow and medium Black Soils as inclusion),"['reservoir, water']",CENTRAL HIGHLANDS (MALWA AND BUNDELKHAND)  HOT SUBHUMID (DRY) ECO-REGION,92.56,13.75,67.11,63.21,24.86,33.96,Deep Black soils (with shallow and medium Black Soils as inclusion),"['reservoir, water']",CENTRAL HIGHLANDS (MALWA AND BUNDELKHAND)  HOT SUBHUMID (DRY) ECO-REGION,91.54,17.19,96.98,75.91,14.74,24.86,Deep Black soils (with shallow and medium Black Soils as inclusion),"['reservoir, water']",CENTRAL HIGHLANDS (MALWA AND BUNDELKHAND)  HOT SUBHUMID (DRY) ECO-REGION,93.09,20.86,92.25,82.12,10.73,29.33,Deep Black soils (with shallow and medium Black Soils as inclusion),[None],CENTRAL HIGHLANDS (MALWA AND BUNDELKHAND)  HOT SUBHUMID (DRY) ECO-REGION,89.72,26.53,75.18,45.62,23.14,24.89,Deep Black soils (with shallow and medium Black Soils as inclusion),"['reservoir, water']",CENTRAL HIGHLANDS (MALWA AND BUNDELKHAND)  HOT SUBHUMID (DRY) ECO-REGION,97.3,19.24,0.97,26.1075539915927,39.56779079017363,Average,0.0445758694778545,35.15,1015000,2
4237298202409780,MADHYA PRADESH,CENTRAL,M,SIHORA,483222,JABALPUR,Hinotiya,M,"23.4005239,79.9796722",Permanent Address,parental,0,,0,10.0,Poor,Jabalpur,9.9,7.7,37.90119355044538,Poor,1549.1,23.25 /30,Poor,126.25,16.46 /29.05,894.72,23.32 /29.58,110.86,16.69 /29.88,328.8,16.31 /27.96,2.07,13.6,99.7,3.14,1.61,36.5,61.9,2.9,670.7,330.36,49.26,57.33,51.15,13.63,21.84,Deep Black soils (with shallow and medium Black Soils as inclusion),[None],CENTRAL HIGHLANDS (MALWA AND BUNDELKHAND)  HOT SUBHUMID (DRY) ECO-REGION,103.33,28.38,48.17,50.71,23.5,21.21,Deep Black soils (with shallow and medium Black Soils as inclusion),[None],CENTRAL HIGHLANDS (MALWA AND BUNDELKHAND)  HOT SUBHUMID (DRY) ECO-REGION,96.53,14.11,57.1,45.75,12.48,24.95,Deep Black soils (with shallow and medium Black Soils as inclusion),[None],CENTRAL HIGHLANDS (MALWA AND BUNDELKHAND)  HOT SUBHUMID (DRY) ECO-REGION,95.54,18.21,48.17,50.71,10.09,14.26,Deep Black soils (with shallow and medium Black Soils as inclusion),[None],CENTRAL HIGHLANDS (MALWA AND BUNDELKHAND)  HOT SUBHUMID (DRY) ECO-REGION,97.61,21.81,57.41,56.83,34.95,30.01,Deep Black soils (with shallow and medium Black Soils as inclusion),[None],CENTRAL HIGHLANDS (MALWA AND BUNDELKHAND)  HOT SUBHUMID (DRY) ECO-REGION,103.29,25.19,47.05,40.37,44.95,29.55,Deep Black soils (with shallow and medium Black Soils as inclusion),[None],CENTRAL HIGHLANDS (MALWA AND BUNDELKHAND)  HOT SUBHUMID (DRY) ECO-REGION,101.16,19.14,0.95,25.0791990020332,37.90119355044538,Poor,0.261706526819453,0.0,598000,3
6550849896121890,MADHYA PRADESH,CENTRAL,M,SIHORA,483222,JABALPUR,Hinotiya,M,"23.4012866,79.971866",Permanent Address,parental,0,,0,10.0,Poor,Jabalpur,9.9,7.7,37.90119355044538,Poor,1549.1,23.25 /30,Poor,126.25,16.46 /29.05,894.72,23.32 /29.58,110.86,16.69 /29.88,328.8,16.31 /27.96,2.07,13.6,99.7,3.14,1.61,36.5,61.9,2.9,670.7,330.36,49.26,57.33,51.15,13.63,21.84,Deep Black soils (with shallow and medium Black Soils as inclusion),[None],CENTRAL HIGHLANDS (MALWA AND BUNDELKHAND)  HOT SUBHUMID (DRY) ECO-REGION,103.33,28.38,48.17,50.71,23.5,21.21,Deep Black soils (with shallow and medium Black Soils as inclusion),[None],CENTRAL HIGHLANDS (MALWA AND BUNDELKHAND)  HOT SUBHUMID (DRY) ECO-REGION,96.53,14.11,57.1,45.75,12.48,24.95,Deep Black soils (with shallow and medium Black Soils as inclusion),[None],CENTRAL HIGHLANDS (MALWA AND BUNDELKHAND)  HOT SUBHUMID (DRY) ECO-REGION,95.54,18.21,48.17,50.71,10.09,14.26,Deep Black soils (with shallow and medium Black Soils as inclusion),[None],CENTRAL HIGHLANDS (MALWA AND BUNDELKHAND)  HOT SUBHUMID (DRY) ECO-REGION,97.61,21.81,57.41,56.83,34.95,30.01,Deep Black soils (with shallow and medium Black Soils as inclusion),[None],CENTRAL HIGHLANDS (MALWA AND BUNDELKHAND)  HOT SUBHUMID (DRY) ECO-REGION,103.29,25.19,47.05,40.37,44.95,29.55,Deep Black soils (with shallow and medium Black Soils as inclusion),[None],CENTRAL HIGHLANDS (MALWA AND BUNDELKHAND)  HOT SUBHUMID (DRY) ECO-REGION,101.16,19.14,0.95,25.0791990020332,37.90119355044538,Poor,0.261706526819453,0.0,598000,3
2220960102559780,MADHYA PRADESH,CENTRAL,M,JABALPUR,482003,JABALPUR,Ahmadpur,M,"23.1903735,79.9194787",Permanent Address,parental,0,,100000,20.0,Poor,Shahpura(Jabalpur),9.5,4.8,39.56779079017363,Average,1618.18,23.41 /30.45,Poor,74.23,15.96 /28.85,904.0,23.46 /30,105.12,16.45 /29.94,284.18,16.18 /28.19,3.7,13.37,99.69,2.52,4.57,51.27,61.75,3.26,205.28,140.87,68.62,52.71,65.62,22.22,24.01,Deep Black soils (with shallow and medium Black Soils as inclusion),"['reservoir, water']",CENTRAL HIGHLANDS (MALWA AND BUNDELKHAND)  HOT SUBHUMID (DRY) ECO-REGION,99.1,27.41,96.98,75.91,28.61,32.33,Deep Black soils (with shallow and medium Black Soils as inclusion),"['reservoir, water']",CENTRAL HIGHLANDS (MALWA AND BUNDELKHAND)  HOT SUBHUMID (DRY) ECO-REGION,92.56,13.75,67.11,63.21,24.86,33.96,Deep Black soils (with shallow and medium Black Soils as inclusion),"['reservoir, water']",CENTRAL HIGHLANDS (MALWA AND BUNDELKHAND)  HOT SUBHUMID (DRY) ECO-REGION,91.54,17.19,96.98,75.91,14.74,24.86,Deep Black soils (with shallow and medium Black Soils as inclusion),"['reservoir, water']",CENTRAL HIGHLANDS (MALWA AND BUNDELKHAND)  HOT SUBHUMID (DRY) ECO-REGION,93.09,20.86,92.25,82.12,10.73,29.33,Deep Black soils (with shallow and medium Black Soils as inclusion),[None],CENTRAL HIGHLANDS (MALWA AND BUNDELKHAND)  HOT SUBHUMID (DRY) ECO-REGION,89.72,26.53,75.18,45.62,23.14,24.89,Deep Black soils (with shallow and medium Black Soils as inclusion),"['reservoir, water']",CENTRAL HIGHLANDS (MALWA AND BUNDELKHAND)  HOT SUBHUMID (DRY) ECO-REGION,97.3,19.24,0.97,26.1075539915927,39.56779079017363,Average,0.0445758694778545,35.15,1015000,2
5085290139918680,MADHYA PRADESH,CENTRAL,M,RITHI,483440,KATNI,Badkhera,M,"23.6042605,80.226634",Permanent Address,parental,1,86186.0,0,10.0,Poor,Katni,16.3,0.0,32.31128395522728,Poor,1336.49,23.3 /30.25,Poor,52.16,15.52 /28.37,1051.88,23.5 /29.97,187.24,16.21 /29.7,214.77,15.62 /27.63,0.65,1.7,97.9,3.27,0.65,23.73,53.5,2.39,743.79,455.07,61.18,68.83,80.01,17.98,26.97,Deep Black soils (with shallow and medium Black Soils as inclusion),[None],CENTRAL HIGHLANDS (MALWA AND BUNDELKHAND)  HOT SUBHUMID (DRY) ECO-REGION,95.19,21.33,69.35,73.0,23.91,25.57,Deep Black soils (with shallow and medium Black Soils as inclusion),[None],CENTRAL HIGHLANDS (MALWA AND BUNDELKHAND)  HOT SUBHUMID (DRY) ECO-REGION,91.64,12.57,57.03,60.03,30.93,34.45,Deep Black soils (with shallow and medium Black Soils as inclusion),[None],CENTRAL HIGHLANDS (MALWA AND BUNDELKHAND)  HOT SUBHUMID (DRY) ECO-REGION,90.22,14.64,69.35,73.0,32.95,27.99,Deep Black soils (with shallow and medium Black Soils as inclusion),[None],CENTRAL HIGHLANDS (MALWA AND BUNDELKHAND)  HOT SUBHUMID (DRY) ECO-REGION,92.45,18.78,57.03,60.03,7.69,18.67,Deep Black soils (with shallow and medium Black Soils as inclusion),[None],CENTRAL HIGHLANDS (MALWA AND BUNDELKHAND)  HOT SUBHUMID (DRY) ECO-REGION,95.83,20.84,54.19,57.05,19.81,20.24,Deep Black soils (with shallow and medium Black Soils as inclusion),[None],CENTRAL HIGHLANDS (MALWA AND BUNDELKHAND)  HOT SUBHUMID (DRY) ECO-REGION,94.14,17.47,0.95,21.6300084679325,32.31128395522728,Poor,0.230877645747073,0.0,598000,2
2260677632289330,MADHYA PRADESH,CENTRAL,M,SIHORA,483222,JABALPUR,Hinotiya,M,"23.3673717,80.1062317",Permanent Address,parental,6,352433.333333333,0,10.0,Poor,Jabalpur,9.9,7.7,37.90119355044538,Poor,1549.1,23.25 /30,Poor,126.25,16.46 /29.05,894.72,23.32 /29.58,110.86,16.69 /29.88,328.8,16.31 /27.96,2.07,13.6,99.7,3.14,1.61,36.5,61.9,2.9,670.7,330.36,49.26,57.33,51.15,13.63,21.84,Deep Black soils (with shallow and medium Black Soils as inclusion),[None],CENTRAL HIGHLANDS (MALWA AND BUNDELKHAND)  HOT SUBHUMID (DRY) ECO-REGION,103.33,28.38,48.17,50.71,23.5,21.21,Deep Black soils (with shallow and medium Black Soils as inclusion),[None],CENTRAL HIGHLANDS (MALWA AND BUNDELKHAND)  HOT SUBHUMID (DRY) ECO-REGION,96.53,14.11,57.1,45.75,12.48,24.95,Deep Black soils (with shallow and medium Black Soils as inclusion),[None],CENTRAL HIGHLANDS (MALWA AND BUNDELKHAND)  HOT SUBHUMID (DRY) ECO-REGION,95.54,18.21,48.17,50.71,10.09,14.26,Deep Black soils (with shallow and medium Black Soils as inclusion),[None],CENTRAL HIGHLANDS (MALWA AND BUNDELKHAND)  HOT SUBHUMID (DRY) ECO-REGION,97.61,21.81,57.41,56.83,34.95,30.01,Deep Black soils (with shallow and medium Black Soils as inclusion),[None],CENTRAL HIGHLANDS (MALWA AND BUNDELKHAND)  HOT SUBHUMID (DRY) ECO-REGION,103.29,25.19,47.05,40.37,44.95,29.55,Deep Black soils (with shallow and medium Black Soils as inclusion),[None],CENTRAL HIGHLANDS (MALWA AND BUNDELKHAND)  HOT SUBHUMID (DRY) ECO-REGION,101.16,19.14,0.95,25.0791990020332,37.90119355044538,Poor,0.261706526819453,0.0,598000,3
8797947343557690,MADHYA PRADESH,CENTRAL,M,JABERA,470881,DAMOH,pati,M,"23.5468538,79.7970901",Permanent Address,parental,0,,0,15.0,Poor,Damoh,9.5,8.6,38.81039640288092,Average,1471.11,23.64 /30.89,Poor,55.91,15.58 /28.84,920.58,23.9 /30.88,306.33,15.4 /28.8,131.74,15.65 /27.82,0.91,5.9,97.3,2.73,0.01,12.77,40.6,1.8,888.02,221.28,24.92,72.67,78.8,9.91,23.96,Deep Black soils (with shallow and medium Black Soils as inclusion),[None],CENTRAL HIGHLANDS (MALWA AND BUNDELKHAND)  HOT SUBHUMID (DRY) ECO-REGION,95.81,24.02,62.21,38.08,10.79,17.51,Deep Black soils (with shallow and medium Black Soils as inclusion),[None],CENTRAL HIGHLANDS (MALWA AND BUNDELKHAND)  HOT SUBHUMID (DRY) ECO-REGION,91.12,13.37,54.31,27.45,9.24,20.88,Deep Black soils (with shallow and medium Black Soils as inclusion),[None],CENTRAL HIGHLANDS (MALWA AND BUNDELKHAND)  HOT SUBHUMID (DRY) ECO-REGION,89.89,14.72,62.21,38.08,0.09,12.36,Deep Black soils (with shallow and medium Black Soils as inclusion),[None],CENTRAL HIGHLANDS (MALWA AND BUNDELKHAND)  HOT SUBHUMID (DRY) ECO-REGION,91.49,20.01,54.31,27.45,5.56,16.63,Deep Black soils (with shallow and medium Black Soils as inclusion),[None],CENTRAL HIGHLANDS (MALWA AND BUNDELKHAND)  HOT SUBHUMID (DRY) ECO-REGION,94.37,21.25,60.34,58.46,6.46,15.21,Deep Black soils (with shallow and medium Black Soils as inclusion),[None],CENTRAL HIGHLANDS (MALWA AND BUNDELKHAND)  HOT SUBHUMID (DRY) ECO-REGION,94.31,19.08,0.74,25.6402123455908,38.81039640288092,Average,0.596088572813965,0.0,1796000,2
3168179556383230,MADHYA PRADESH,CENTRAL,M,JABERA,470881,DAMOH,pati,M,"23.5630551,79.8497682",Permanent Address,parental,1,77000.0,0,20.0,Poor,Damoh,9.5,8.6,38.81039640288092,Average,1471.11,23.64 /30.89,Poor,55.91,15.58 /28.84,920.58,23.9 /30.88,306.33,15.4 /28.8,131.74,15.65 /27.82,0.91,5.9,97.3,2.73,0.01,12.77,40.6,1.8,888.02,221.28,24.92,72.67,78.8,9.91,23.96,Deep Black soils (with shallow and medium Black Soils as inclusion),[None],CENTRAL HIGHLANDS (MALWA AND BUNDELKHAND)  HOT SUBHUMID (DRY) ECO-REGION,95.81,24.02,62.21,38.08,10.79,17.51,Deep Black soils (with shallow and medium Black Soils as inclusion),[None],CENTRAL HIGHLANDS (MALWA AND BUNDELKHAND)  HOT SUBHUMID (DRY) ECO-REGION,91.12,13.37,54.31,27.45,9.24,20.88,Deep Black soils (with shallow and medium Black Soils as inclusion),[None],CENTRAL HIGHLANDS (MALWA AND BUNDELKHAND)  HOT SUBHUMID (DRY) ECO-REGION,89.89,14.72,62.21,38.08,0.09,12.36,Deep Black soils (with shallow and medium Black Soils as inclusion),[None],CENTRAL HIGHLANDS (MALWA AND BUNDELKHAND)  HOT SUBHUMID (DRY) ECO-REGION,91.49,20.01,54.31,27.45,5.56,16.63,Deep Black soils (with shallow and medium Black Soils as inclusion),[None],CENTRAL HIGHLANDS (MALWA AND BUNDELKHAND)  HOT SUBHUMID (DRY) ECO-REGION,94.37,21.25,60.34,58.46,6.46,15.21,Deep Black soils (with shallow and medium Black Soils as inclusion),[None],CENTRAL HIGHLANDS (MALWA AND BUNDELKHAND)  HOT SUBHUMID (DRY) ECO-REGION,94.31,19.08,0.74,25.6402123455908,38.81039640288092,Average,0.596088572813965,0.0,1198000,2
1579532630009610,MADHYA PRADESH,CENTRAL,M,JABERA,470881,DAMOH,pati,S,"23.567284,79.8532803",Permanent Address,parental,0,,0,20.0,Poor,Damoh,9.5,8.6,38.81039640288092,Average,1471.11,23.64 /30.89,Poor,55.91,15.58 /28.84,920.58,23.9 /30.88,306.33,15.4 /28.8,131.74,15.65 /27.82,0.91,5.9,97.3,2.73,0.01,12.77,40.6,1.8,888.02,221.28,24.92,72.67,78.8,9.91,23.96,Deep Black soils (with shallow and medium Black Soils as inclusion),[None],CENTRAL HIGHLANDS (MALWA AND BUNDELKHAND)  HOT SUBHUMID (DRY) ECO-REGION,95.81,24.02,62.21,38.08,10.79,17.51,Deep Black soils (with shallow and medium Black Soils as inclusion),[None],CENTRAL HIGHLANDS (MALWA AND BUNDELKHAND)  HOT SUBHUMID (DRY) ECO-REGION,91.12,13.37,54.31,27.45,9.24,20.88,Deep Black soils (with shallow and medium Black Soils as inclusion),[None],CENTRAL HIGHLANDS (MALWA AND BUNDELKHAND)  HOT SUBHUMID (DRY) ECO-REGION,89.89,14.72,62.21,38.08,0.09,12.36,Deep Black soils (with shallow and medium Black Soils as inclusion),[None],CENTRAL HIGHLANDS (MALWA AND BUNDELKHAND)  HOT SUBHUMID (DRY) ECO-REGION,91.49,20.01,54.31,27.45,5.56,16.63,Deep Black soils (with shallow and medium Black Soils as inclusion),[None],CENTRAL HIGHLANDS (MALWA AND BUNDELKHAND)  HOT SUBHUMID (DRY) ECO-REGION,94.37,21.25,60.34,58.46,6.46,15.21,Deep Black soils (with shallow and medium Black Soils as inclusion),[None],CENTRAL HIGHLANDS (MALWA AND BUNDELKHAND)  HOT SUBHUMID (DRY) ECO-REGION,94.31,19.08,0.74,25.6402123455908,38.81039640288092,Average,0.596088572813965,0.0,1198000,2
8911598411051560,MADHYA PRADESH,CENTRAL,M,JABERA,470881,DAMOH,pati,S,"23.5584797,79.6320337",Permanent Address,parental,0,,0,15.0,Poor,Damoh,9.5,8.6,38.81039640288092,Average,1471.11,23.64 /30.89,Poor,55.91,15.58 /28.84,920.58,23.9 /30.88,306.33,15.4 /28.8,131.74,15.65 /27.82,0.91,5.9,97.3,2.73,0.01,12.77,40.6,1.8,888.02,221.28,24.92,72.67,78.8,9.91,23.96,Deep Black soils (with shallow and medium Black Soils as inclusion),[None],CENTRAL HIGHLANDS (MALWA AND BUNDELKHAND)  HOT SUBHUMID (DRY) ECO-REGION,95.81,24.02,62.21,38.08,10.79,17.51,Deep Black soils (with shallow and medium Black Soils as inclusion),[None],CENTRAL HIGHLANDS (MALWA AND BUNDELKHAND)  HOT SUBHUMID (DRY) ECO-REGION,91.12,13.37,54.31,27.45,9.24,20.88,Deep Black soils (with shallow and medium Black Soils as inclusion),[None],CENTRAL HIGHLANDS (MALWA AND BUNDELKHAND)  HOT SUBHUMID (DRY) ECO-REGION,89.89,14.72,62.21,38.08,0.09,12.36,Deep Black soils (with shallow and medium Black Soils as inclusion),[None],CENTRAL HIGHLANDS (MALWA AND BUNDELKHAND)  HOT SUBHUMID (DRY) ECO-REGION,91.49,20.01,54.31,27.45,5.56,16.63,Deep Black soils (with shallow and medium Black Soils as inclusion),[None],CENTRAL HIGHLANDS (MALWA AND BUNDELKHAND)  HOT SUBHUMID (DRY) ECO-REGION,94.37,21.25,60.34,58.46,6.46,15.21,Deep Black soils (with shallow and medium Black Soils as inclusion),[None],CENTRAL HIGHLANDS (MALWA AND BUNDELKHAND)  HOT SUBHUMID (DRY) ECO-REGION,94.31,19.08,0.74,25.6402123455908,38.81039640288092,Average,0.596088572813965,0.0,1796000,2
